id,tenant_id,user_id,action,trace_id,input_text,output_text,model,input_tokens,output_tokens,cost,latency_ms,error_code,ip_address,user_agent,created_at
919,acme,g7a_member_868e1c8b,workflow.run.succeeded,a4c05b71-d018-408a-aed6-99117a87deb7,,,,0,0,0.0,0.0,,,,2026-08-14T07:47:13.122640
918,acme,g7a_member_868e1c8b,workflow.node.succeeded,a4c05b71-d018-408a-aed6-99117a87deb7,,evidence_count=0,,0,0,0.0,0.0,,,,2026-08-14T07:47:13.115393
917,acme,g7a_member_868e1c8b,rag.ask,48f814b7-76b4-478a-be70-724385dfbf35,cache_hit=0|g7a-868e1c8b,[mock:deepseek-v4-flash] 已收到：的智能助手。你正在使用企业知识库来回答用户的问题。  参考知识： （无检索结果）  用户问题：g7a-868e1c8b  请基于上述知识，用专业、准确的语气回答用户。注意： 1. 优先使用知识库中的内容作为依据 2. 用通俗易懂的语言解释专业概念 3. 提供具体可操作的信息 4. 知识库中没有依据时明确说明，不编造 5. 回答简洁并标注来源（如有）  回答：,,0,0,1.1e-06,486.67459189891815,,,,2026-08-14T07:47:13.104197
916,acme,g7a_admin_868e1c8b,workflow.approve,a4c05b71-d018-408a-aed6-99117a87deb7,,grant=b2dd4f85-1bcc-414c-b9e6-8a1663bb4606:cap=g7a-hang-868e1c8b,,0,0,0.0,0.0,,,,2026-08-14T07:47:12.594493
915,acme,g7a_member_868e1c8b,workflow.run.suspended,a4c05b71-d018-408a-aed6-99117a87deb7,,g7a-hang-868e1c8b:kb:read:true,,0,0,0.0,0.0,,,,2026-08-14T07:47:12.546627
914,acme,g7a_member_868e1c8b,workflow.run.start,a4c05b71-d018-408a-aed6-99117a87deb7,,workflow_id=0b3a221c-8c47-41e9-8045-cd7883efa22d,,0,0,0.0,0.0,,,,2026-08-14T07:47:12.519337
913,acme,g7a_auditor_868e1c8b,auth.register,,g7a_auditor_868e1c8b,,,0,0,0.0,0.0,,,,2026-08-14T07:47:12.438740
912,acme,g7a_member_868e1c8b,auth.register,,g7a_member_868e1c8b,,,0,0,0.0,0.0,,,,2026-08-14T07:47:12.197283
911,acme,g7a_admin_868e1c8b,auth.register,,g7a_admin_868e1c8b,,,0,0,0.0,0.0,,,,2026-08-14T07:47:11.951516
910,acme,a_faf3fa,auth.register,,a_faf3fa,,,0,0,0.0,0.0,,,,2026-08-14T07:46:59.236260
909,run-api-eb958b30,admin1,workflow.run.start,05b9a50f-e028-4532-a7f6-84e18d2712a7,,workflow_id=f0a09ced-8494-4a9e-a232-bc00787957fd,,0,0,0.0,0.0,,,,2026-08-14T07:46:48.154319
908,run-auth-8365f762,user_fcba8c,workflow.run.failed,60a80035-bc97-48ed-afca-b8fcb145a99d,,"{'code': <ErrorCode.AUTH_INSUFFICIENT_PERMISSIONS: 'AUTH_002'>, 'message': 'permission_denied', 'needed_perm': 'admin:*', 'capability_id': 'admin-tool', 'gate': 'S2_NOT_REQUESTABLE'}",,0,0,0.0,0.0,AUTH_002,,,2026-08-14T07:46:47.811329
907,run-auth-8365f762,user_fcba8c,workflow.node.auth_fail,60a80035-bc97-48ed-afca-b8fcb145a99d,,admin-tool:admin:*:S2_NOT_REQUESTABLE,,0,0,0.0,0.0,AUTH_002,,,2026-08-14T07:46:47.802826
906,run-auth-8365f762,user_fcba8c,workflow.run.start,60a80035-bc97-48ed-afca-b8fcb145a99d,,workflow_id=5ea6049f-7293-4196-8410-84cf7816c89b,,0,0,0.0,0.0,,,,2026-08-14T07:46:47.781387
905,e2-ag-d4f5bcb6,mgr_604ce6,workflow.run.succeeded,ee5e0be5-9c38-4885-a488-d81ebe559ee7,,,,0,0,0.0,0.0,,,,2026-08-14T07:46:47.754179
904,e2-ag-d4f5bcb6,mgr_604ce6,workflow.node.succeeded,ee5e0be5-9c38-4885-a488-d81ebe559ee7,,evidence_count=0,,0,0,0.0,0.0,,,,2026-08-14T07:46:47.747885
903,e2-ag-d4f5bcb6,mgr_604ce6,workflow.auto_grant,ee5e0be5-9c38-4885-a488-d81ebe559ee7,,kb-tool:kb:read:self_approve,,0,0,0.0,0.0,,,,2026-08-14T07:46:47.739601
902,e2-ag-d4f5bcb6,mgr_604ce6,workflow.run.start,ee5e0be5-9c38-4885-a488-d81ebe559ee7,,workflow_id=5bc0bfcf-27c0-4512-a64d-8c36c1072c4d,,0,0,0.0,0.0,,,,2026-08-14T07:46:47.716708
901,e2-sus-06edf72c,user_aa8825,workflow.hang.escalate_no_dept_manager,16ad3e40-e9cc-4c6d-95db-9215cde5f98d,,escalate_no_dept_manager,,0,0,0.0,0.0,,,,2026-08-14T07:46:47.675820
900,e2-sus-06edf72c,user_aa8825,workflow.run.suspended,16ad3e40-e9cc-4c6d-95db-9215cde5f98d,,kb-tool:kb:read:true,,0,0,0.0,0.0,,,,2026-08-14T07:46:47.668144
899,e2-sus-06edf72c,user_aa8825,workflow.run.start,16ad3e40-e9cc-4c6d-95db-9215cde5f98d,,workflow_id=c7b4af1d-05ff-49e1-bb1d-57e5586e2d97,,0,0,0.0,0.0,,,,2026-08-14T07:46:47.639167
898,e2-fail-9e083bce,user_6d95aa,workflow.run.failed,6212502d-e252-4117-a9c8-f7d8e3e3dcc0,,"{'code': <ErrorCode.AUTH_INSUFFICIENT_PERMISSIONS: 'AUTH_002'>, 'message': 'permission_denied', 'needed_perm': 'kb:read', 'capability_id': 'kb-tool', 'gate': 'S2_NOT_REQUESTABLE'}",,0,0,0.0,0.0,AUTH_002,,,2026-08-14T07:46:47.615933
897,e2-fail-9e083bce,user_6d95aa,workflow.node.auth_fail,6212502d-e252-4117-a9c8-f7d8e3e3dcc0,,kb-tool:kb:read:S2_NOT_REQUESTABLE,,0,0,0.0,0.0,AUTH_002,,,2026-08-14T07:46:47.606023
896,e2-fail-9e083bce,user_6d95aa,workflow.run.start,6212502d-e252-4117-a9c8-f7d8e3e3dcc0,,workflow_id=ec50ecaf-1ef0-446c-b438-094a57050618,,0,0,0.0,0.0,,,,2026-08-14T07:46:47.583098
895,run-ex-17aeee58,admin_810a88,workflow.run.succeeded,fc4c098d-b224-4c21-9362-e53ccb31ac69,,,,0,0,0.0,0.0,,,,2026-08-14T07:46:47.531227
894,run-ex-17aeee58,admin_810a88,workflow.node.succeeded,fc4c098d-b224-4c21-9362-e53ccb31ac69,,evidence_count=1,,0,0,0.0,0.0,,,,2026-08-14T07:46:47.524485
893,run-ex-17aeee58,admin_810a88,workflow.run.start,fc4c098d-b224-4c21-9362-e53ccb31ac69,,workflow_id=e622f92b-8572-4f51-ad0a-4ba1105a0062,,0,0,0.0,0.0,,,,2026-08-14T07:46:47.497689
892,e2-txn-ec4d23bc,user_b1544f,workflow.hang.escalate_no_dept_manager,406358c8-62b9-4cac-aa45-4aadb7368c0e,,escalate_no_dept_manager,,0,0,0.0,0.0,,,,2026-08-14T07:46:47.465000
891,e2-txn-ec4d23bc,user_b1544f,workflow.run.suspended,406358c8-62b9-4cac-aa45-4aadb7368c0e,,tool-x:kb:write:true,,0,0,0.0,0.0,,,,2026-08-14T07:46:47.459577
890,e2-txn-ec4d23bc,user_b1544f,workflow.run.start,406358c8-62b9-4cac-aa45-4aadb7368c0e,,workflow_id=c17df6f1-dfda-4ae5-8ae5-1ba2347ad035,,0,0,0.0,0.0,,,,2026-08-14T07:46:47.436228
889,e4-c-4eede41c,user_3c4901,workflow.hang.escalate_no_dept_manager,f51cef77-e27a-4f51-867e-d2b74b2c4fe2,,escalate_no_dept_manager,,0,0,0.0,0.0,,,,2026-08-14T07:46:47.406071
888,e4-c-4eede41c,user_3c4901,workflow.run.suspended,f51cef77-e27a-4f51-867e-d2b74b2c4fe2,,kb-b:kb:write:true,,0,0,0.0,0.0,,,,2026-08-14T07:46:47.400660
887,e4-c-4eede41c,user_3c4901,workflow.node.succeeded,f51cef77-e27a-4f51-867e-d2b74b2c4fe2,,evidence_count=0,,0,0,0.0,0.0,,,,2026-08-14T07:46:47.380739
886,e4-c-4eede41c,user_3c4901,workflow.hang.escalate_no_dept_manager,f51cef77-e27a-4f51-867e-d2b74b2c4fe2,,escalate_no_dept_manager,,0,0,0.0,0.0,,,,2026-08-14T07:46:47.353634
885,e4-c-4eede41c,user_3c4901,workflow.run.suspended,f51cef77-e27a-4f51-867e-d2b74b2c4fe2,,kb-a:kb:read:true,,0,0,0.0,0.0,,,,2026-08-14T07:46:47.346975
884,e4-c-4eede41c,user_3c4901,workflow.run.start,f51cef77-e27a-4f51-867e-d2b74b2c4fe2,,workflow_id=9cbc316b-6871-4b2a-ba86-70dcc096e4a1,,0,0,0.0,0.0,,,,2026-08-14T07:46:47.318715
883,e4-r-8a82aa68,user_058e63,workflow.run.succeeded,8a717787-54ca-41ad-ab14-b8ae43149850,,,,0,0,0.0,0.0,,,,2026-08-14T07:46:47.285009
882,e4-r-8a82aa68,user_058e63,workflow.node.succeeded,8a717787-54ca-41ad-ab14-b8ae43149850,,evidence_count=0,,0,0,0.0,0.0,,,,2026-08-14T07:46:47.276529
881,e4-r-8a82aa68,user_058e63,workflow.hang.escalate_no_dept_manager,8a717787-54ca-41ad-ab14-b8ae43149850,,escalate_no_dept_manager,,0,0,0.0,0.0,,,,2026-08-14T07:46:47.230034
880,e4-r-8a82aa68,user_058e63,workflow.run.suspended,8a717787-54ca-41ad-ab14-b8ae43149850,,kb-tool:kb:read:true,,0,0,0.0,0.0,,,,2026-08-14T07:46:47.223222
879,e4-r-8a82aa68,user_058e63,workflow.run.start,8a717787-54ca-41ad-ab14-b8ae43149850,,workflow_id=9daeb221-d46e-4436-9ab4-afcbc9bc7b90,,0,0,0.0,0.0,,,,2026-08-14T07:46:47.189434
878,default,anonymous,rag.ask,adc11afc-3b24-4f40-86ba-eb3f7e1b88b2,cache_hit=1|什么是 nexusai?,[mock:deepseek-v4-flash] 已收到：的智能助手。你正在使用企业知识库来回答用户的问题。  参考知识： （无检索结果）  用户问题：什么是 NexusAI？  请基于上述知识，用专业、准确的语气回答用户。注意： 1. 优先使用知识库中的内容作为依据 2. 用通俗易懂的语言解释专业概念 3. 提供具体可操作的信息 4. 知识库中没有依据时明确说明，不编造 5. 回答简洁并标注来源（如有）  回答：,,0,0,0.0,2.898351987823844,,,,2026-08-14T07:46:46.285027
877,t,system,llm_key_failover,failover-10-11,provider=default from=10 to=11 reason=401,,,0,0,0.0,0.0,401,,,2026-08-14T07:46:46.225946
876,e3-s-d9235acd,u1,workflow.hang.escalate_timeout,a000b21a-5ed2-42fa-9901-bf411053d856,,escalate_timeout,,0,0,0.0,0.0,,,,2026-08-14T07:46:44.807381
875,e3-t-c9031743,u1,workflow.hang.escalate_timeout,daf801f8-2504-4ffe-8980-33b80c153779,,escalate_timeout,,0,0,0.0,0.0,,,,2026-08-14T07:46:44.785237
874,e3-n-cb9452b0,u1,workflow.hang.escalate_no_dept_manager,4cacd5e4-ab92-4866-9416-0f204128fc67,,escalate_no_dept_manager,,0,0,0.0,0.0,,,,2026-08-14T07:46:44.758368
873,e-ex-febdf8a8,u1,workflow.hang.request_expired,d3fd018b-57c0-4236-9db2-9eee340655ad,,request=c02dd059-c19b-4c32-abaf-585f368fe8cc:grant=e73f1861-f00e-493f-9d93-359fff4215f7:node=n1,,0,0,0.0,0.0,,,,2026-08-14T07:46:44.734046
872,e-cx-603efb67,u_439555,workflow.run.cancelled,61451883-4514-4009-bc57-22c87ef4582b,,requests_cancelled=1,,0,0,0.0,0.0,,,,2026-08-14T07:46:44.719221
871,e5-139df1d8,user_8cff27,workflow.run.start,fc56472e-6415-43dc-9e70-f80c537a800d,,workflow_id=64cc8b78-fc92-46fa-878a-ad31f10a6ba1,,0,0,0.0,0.0,,,,2026-08-14T07:46:44.609773
870,acme,alice,auth.login,,alice,,,0,0,0.0,0.0,,,,2026-08-14T07:46:43.324551
869,acme,bob,auth.register,,bob,,,0,0,0.0,0.0,,,,2026-08-14T07:46:39.495843
868,acme,alice,auth.register,,alice,,,0,0,0.0,0.0,,,,2026-08-14T07:46:39.228593
867,e4-rj-5d2f0ed3,admin,workflow.reject,a7d4e740-6dc8-423d-a44e-562863d8ded9,,nope,,0,0,0.0,0.0,,,,2026-08-14T07:46:38.193494
866,acme,g7a_member_d51681d4,workflow.run.succeeded,69a0a619-46f9-4a52-9298-c9e9e27e3e81,,,,0,0,0.0,0.0,,,,2026-08-14T07:46:22.866470
865,acme,g7a_member_d51681d4,workflow.node.succeeded,69a0a619-46f9-4a52-9298-c9e9e27e3e81,,evidence_count=0,,0,0,0.0,0.0,,,,2026-08-14T07:46:22.836525
864,acme,g7a_member_d51681d4,rag.ask,9a950be5-b58a-4cca-bd5b-9782699a07cb,cache_hit=0|g7a-d51681d4,[mock:deepseek-v4-flash] 已收到：的智能助手。你正在使用企业知识库来回答用户的问题。  参考知识： （无检索结果）  用户问题：g7a-d51681d4  请基于上述知识，用专业、准确的语气回答用户。注意： 1. 优先使用知识库中的内容作为依据 2. 用通俗易懂的语言解释专业概念 3. 提供具体可操作的信息 4. 知识库中没有依据时明确说明，不编造 5. 回答简洁并标注来源（如有）  回答：,,0,0,1.1e-06,446.8037311453372,,,,2026-08-14T07:46:22.812783
863,acme,g7a_admin_d51681d4,workflow.approve,69a0a619-46f9-4a52-9298-c9e9e27e3e81,,grant=53256104-0475-48f2-947b-203a9248ee4f:cap=g7a-hang-d51681d4,,0,0,0.0,0.0,,,,2026-08-14T07:46:22.338284
862,acme,g7a_member_d51681d4,workflow.run.suspended,69a0a619-46f9-4a52-9298-c9e9e27e3e81,,g7a-hang-d51681d4:kb:read:true,,0,0,0.0,0.0,,,,2026-08-14T07:46:22.255339
861,acme,g7a_member_d51681d4,workflow.run.start,69a0a619-46f9-4a52-9298-c9e9e27e3e81,,workflow_id=c779821d-a636-4878-9fe9-a74ee8ea846c,,0,0,0.0,0.0,,,,2026-08-14T07:46:22.204682
860,acme,g7a_auditor_d51681d4,auth.register,,g7a_auditor_d51681d4,,,0,0,0.0,0.0,,,,2026-08-14T07:46:22.051288
859,acme,g7a_member_d51681d4,auth.register,,g7a_member_d51681d4,,,0,0,0.0,0.0,,,,2026-08-14T07:46:21.799417
858,acme,g7a_admin_d51681d4,auth.register,,g7a_admin_d51681d4,,,0,0,0.0,0.0,,,,2026-08-14T07:46:21.528298
857,acme,p_6ff843,auth.register,,p_6ff843,,,0,0,0.0,0.0,,,,2026-08-14T07:46:00.067301
856,acme,g7a_member_b0f1e816,workflow.run.succeeded,566fd155-ab8d-4230-97ea-da9a9bed373f,,,,0,0,0.0,0.0,,,,2026-08-14T07:45:44.958009
855,acme,g7a_member_b0f1e816,workflow.node.succeeded,566fd155-ab8d-4230-97ea-da9a9bed373f,,evidence_count=0,,0,0,0.0,0.0,,,,2026-08-14T07:45:44.950995
854,acme,g7a_member_b0f1e816,rag.ask,8dd1805f-7c55-481b-aeac-02f42a3460be,cache_hit=0|g7a-b0f1e816,[mock:deepseek-v4-flash] 已收到：的智能助手。你正在使用企业知识库来回答用户的问题。  参考知识： （无检索结果）  用户问题：g7a-b0f1e816  请基于上述知识，用专业、准确的语气回答用户。注意： 1. 优先使用知识库中的内容作为依据 2. 用通俗易懂的语言解释专业概念 3. 提供具体可操作的信息 4. 知识库中没有依据时明确说明，不编造 5. 回答简洁并标注来源（如有）  回答：,,0,0,1.1e-06,666.3880790583789,,,,2026-08-14T07:45:44.934273
853,acme,g7a_admin_b0f1e816,workflow.approve,566fd155-ab8d-4230-97ea-da9a9bed373f,,grant=83080b4a-baff-43a3-9963-ece05261af0a:cap=g7a-hang-b0f1e816,,0,0,0.0,0.0,,,,2026-08-14T07:45:44.225982
852,acme,g7a_member_b0f1e816,workflow.run.suspended,566fd155-ab8d-4230-97ea-da9a9bed373f,,g7a-hang-b0f1e816:kb:read:true,,0,0,0.0,0.0,,,,2026-08-14T07:45:44.164986
851,acme,g7a_member_b0f1e816,workflow.run.start,566fd155-ab8d-4230-97ea-da9a9bed373f,,workflow_id=d658285d-f10b-410b-934a-0d3132376f40,,0,0,0.0,0.0,,,,2026-08-14T07:45:44.124158
850,acme,g7a_auditor_b0f1e816,auth.register,,g7a_auditor_b0f1e816,,,0,0,0.0,0.0,,,,2026-08-14T07:45:44.013158
849,acme,g7a_member_b0f1e816,auth.register,,g7a_member_b0f1e816,,,0,0,0.0,0.0,,,,2026-08-14T07:45:43.768790
848,acme,g7a_admin_b0f1e816,auth.register,,g7a_admin_b0f1e816,,,0,0,0.0,0.0,,,,2026-08-14T07:45:43.498177
847,cas-05b0df6e,u1,workflow.run.zombie,47774db9-978a-4911-9f21-5b9cc119a8fc,,,,0,0,0.0,0.0,RUN_ZOMBIE,,,2026-08-14T07:45:01.363703
846,r429-200f61ba,u1,workflow.run.zombie,9d79192e-fc9d-482a-a3c4-4b3b376968cb,,,,0,0,0.0,0.0,RUN_ZOMBIE,,,2026-08-14T07:45:01.360708
845,r429-200f61ba,u1,workflow.run.zombie,fb736b86-250c-4eb2-b403-b2b5967efcc7,,,,0,0,0.0,0.0,RUN_ZOMBIE,,,2026-08-14T07:45:01.356691
844,r429-5ae247f5,u1,workflow.run.zombie,205038ab-7b97-489f-97a3-2893a8185981,,,,0,0,0.0,0.0,RUN_ZOMBIE,,,2026-08-14T07:45:01.354142
843,r429-5ae247f5,u1,workflow.run.zombie,771f7e36-e287-4f98-b00c-28613d87f1d9,,,,0,0,0.0,0.0,RUN_ZOMBIE,,,2026-08-14T07:45:01.350434
842,cas-bd4021ea,u1,workflow.run.zombie,f11052ad-f77c-4a06-97cb-acaf20b98e29,,,,0,0,0.0,0.0,RUN_ZOMBIE,,,2026-08-14T07:45:01.346263
841,r429-01c2ba00,u1,workflow.run.zombie,c9230703-0963-4b9f-a43d-9be14c373f87,,,,0,0,0.0,0.0,RUN_ZOMBIE,,,2026-08-14T07:45:01.343129
840,cas-104c04db,u1,workflow.run.zombie,4a3b3ee2-5106-42fc-9366-88154503d132,,,,0,0,0.0,0.0,RUN_ZOMBIE,,,2026-08-14T07:45:01.339330
839,r429-80967840,u1,workflow.run.zombie,4e5f09ab-4f10-4bce-a2f2-5b90e3b7fb0a,,,,0,0,0.0,0.0,RUN_ZOMBIE,,,2026-08-14T07:45:01.335765
838,cas-bf82bcfd,u1,workflow.run.zombie,7f6df9bc-81de-4938-a0de-af43183e3d9f,,,,0,0,0.0,0.0,RUN_ZOMBIE,,,2026-08-14T07:45:01.332260
837,r429-707fd00b,u1,workflow.run.zombie,cb5feb77-ff99-43d3-9a38-c27964e6038c,,,,0,0,0.0,0.0,RUN_ZOMBIE,,,2026-08-14T07:45:01.327958
836,r429-707fd00b,u1,workflow.run.zombie,0852ce8a-2532-4e3f-a607-ebc01ad1dccf,,,,0,0,0.0,0.0,RUN_ZOMBIE,,,2026-08-14T07:45:01.322539
835,r429-01c2ba00,u1,workflow.run.zombie,d9c6e220-76a5-4e54-89ec-708322f0ec0c,,,,0,0,0.0,0.0,RUN_ZOMBIE,,,2026-08-14T07:45:01.319927
834,cas-fdc99568,u1,workflow.run.zombie,191e058c-0de5-425b-97e0-f452771a8f73,,,,0,0,0.0,0.0,RUN_ZOMBIE,,,2026-08-14T07:45:01.316652
833,r429-32379e7b,u1,workflow.run.zombie,858788ff-75ed-471f-a413-490f3671ef5e,,,,0,0,0.0,0.0,RUN_ZOMBIE,,,2026-08-14T07:45:01.313323
832,r429-32379e7b,u1,workflow.run.zombie,5636bc31-2af1-4eb9-839a-78d3050e814b,,,,0,0,0.0,0.0,RUN_ZOMBIE,,,2026-08-14T07:45:01.308384
831,cas-d68c5a21,u1,workflow.run.zombie,34d0abf5-db5d-4a3e-b008-f2af88ffe4a8,,,,0,0,0.0,0.0,RUN_ZOMBIE,,,2026-08-14T07:45:01.305272
830,r429-9507bc5c,u1,workflow.run.zombie,4aaadeef-2922-4706-917e-3fec0d895371,,,,0,0,0.0,0.0,RUN_ZOMBIE,,,2026-08-14T07:45:01.302380
829,r429-9507bc5c,u1,workflow.run.zombie,d24998fc-c7f8-4aed-8286-8cbabe293bdf,,,,0,0,0.0,0.0,RUN_ZOMBIE,,,2026-08-14T07:45:01.298278
828,cas-da432fec,u1,workflow.run.zombie,5b6401cd-978d-4532-898b-e3562d6bffce,,,,0,0,0.0,0.0,RUN_ZOMBIE,,,2026-08-14T07:45:01.295257
827,cas-35aa70d3,u1,workflow.run.zombie,10e9ba95-d1d9-491b-8618-981bc464c442,,,,0,0,0.0,0.0,RUN_ZOMBIE,,,2026-08-14T07:45:01.291500
826,r429-80967840,u1,workflow.run.zombie,06b232c7-5cc6-4d19-a723-19911dc743b5,,,,0,0,0.0,0.0,RUN_ZOMBIE,,,2026-08-14T07:45:01.288525
825,cas-02615866,u1,workflow.run.zombie,2fa8f014-df31-45fe-9bfd-26309e01c60c,,,,0,0,0.0,0.0,RUN_ZOMBIE,,,2026-08-14T07:45:01.285667
824,r429-bc5293c8,u1,workflow.run.zombie,f30c0ae1-e00f-4352-88a9-cc229b4d625c,,,,0,0,0.0,0.0,RUN_ZOMBIE,,,2026-08-14T07:45:01.282204
823,r429-bc5293c8,u1,workflow.run.zombie,5eb81b92-f0df-4c0a-a4f9-1d7751b221d2,,,,0,0,0.0,0.0,RUN_ZOMBIE,,,2026-08-14T07:45:01.279622
822,r429-78447305,u1,workflow.run.zombie,3d743ac3-31bf-4bb6-9059-ac2722031365,,,,0,0,0.0,0.0,RUN_ZOMBIE,,,2026-08-14T07:45:01.276922
821,r429-78447305,u1,workflow.run.zombie,755ed398-e3b3-4490-b532-156ffe4e6a5a,,,,0,0,0.0,0.0,RUN_ZOMBIE,,,2026-08-14T07:45:01.258458
820,run-api-3136bb8e,admin1,workflow.run.start,95afb65a-9901-41f9-a086-b0799bac6f3f,,workflow_id=cc0ec394-23c8-46dd-a15b-aac868cea5f9,,0,0,0.0,0.0,,,,2026-08-14T07:44:20.748541
819,run-auth-39a55376,user_de3faf,workflow.run.failed,e79f86f8-3494-4a87-84cb-223925bced85,,"{'code': <ErrorCode.AUTH_INSUFFICIENT_PERMISSIONS: 'AUTH_002'>, 'message': 'permission_denied', 'needed_perm': 'admin:*', 'capability_id': 'admin-tool', 'gate': 'S2_NOT_REQUESTABLE'}",,0,0,0.0,0.0,AUTH_002,,,2026-08-14T07:44:20.522301
818,run-auth-39a55376,user_de3faf,workflow.node.auth_fail,e79f86f8-3494-4a87-84cb-223925bced85,,admin-tool:admin:*:S2_NOT_REQUESTABLE,,0,0,0.0,0.0,AUTH_002,,,2026-08-14T07:44:20.513333
817,run-auth-39a55376,user_de3faf,workflow.run.start,e79f86f8-3494-4a87-84cb-223925bced85,,workflow_id=a86194f2-cdbe-40d7-a978-b15aaacec75d,,0,0,0.0,0.0,,,,2026-08-14T07:44:20.494871
816,e2-ag-5c183ec8,mgr_93d03b,workflow.run.succeeded,51f24b2a-199f-4763-9292-685f6c1dd9af,,,,0,0,0.0,0.0,,,,2026-08-14T07:44:20.470787
815,e2-ag-5c183ec8,mgr_93d03b,workflow.node.succeeded,51f24b2a-199f-4763-9292-685f6c1dd9af,,evidence_count=0,,0,0,0.0,0.0,,,,2026-08-14T07:44:20.464222
814,e2-ag-5c183ec8,mgr_93d03b,workflow.auto_grant,51f24b2a-199f-4763-9292-685f6c1dd9af,,kb-tool:kb:read:self_approve,,0,0,0.0,0.0,,,,2026-08-14T07:44:20.457010
813,e2-ag-5c183ec8,mgr_93d03b,workflow.run.start,51f24b2a-199f-4763-9292-685f6c1dd9af,,workflow_id=8694e33a-1297-42fb-995c-29bc3219a878,,0,0,0.0,0.0,,,,2026-08-14T07:44:20.435706
812,e2-sus-01cbf283,user_d7e0dd,workflow.hang.escalate_no_dept_manager,710e0382-721e-4f3a-b36d-c91ab4c45636,,escalate_no_dept_manager,,0,0,0.0,0.0,,,,2026-08-14T07:44:20.411264
811,e2-sus-01cbf283,user_d7e0dd,workflow.run.suspended,710e0382-721e-4f3a-b36d-c91ab4c45636,,kb-tool:kb:read:true,,0,0,0.0,0.0,,,,2026-08-14T07:44:20.406636
810,e2-sus-01cbf283,user_d7e0dd,workflow.run.start,710e0382-721e-4f3a-b36d-c91ab4c45636,,workflow_id=1dd8faa4-a478-4873-8f15-af8ac94c096d,,0,0,0.0,0.0,,,,2026-08-14T07:44:20.382765
809,e2-fail-e0aa5411,user_438c86,workflow.run.failed,5b71db68-c94a-4c0d-8f05-e54a3340a520,,"{'code': <ErrorCode.AUTH_INSUFFICIENT_PERMISSIONS: 'AUTH_002'>, 'message': 'permission_denied', 'needed_perm': 'kb:read', 'capability_id': 'kb-tool', 'gate': 'S2_NOT_REQUESTABLE'}",,0,0,0.0,0.0,AUTH_002,,,2026-08-14T07:44:20.360907
808,e2-fail-e0aa5411,user_438c86,workflow.node.auth_fail,5b71db68-c94a-4c0d-8f05-e54a3340a520,,kb-tool:kb:read:S2_NOT_REQUESTABLE,,0,0,0.0,0.0,AUTH_002,,,2026-08-14T07:44:20.351844
807,e2-fail-e0aa5411,user_438c86,workflow.run.start,5b71db68-c94a-4c0d-8f05-e54a3340a520,,workflow_id=2292b1b1-91bf-47d8-8b48-6ff4c7e5cb14,,0,0,0.0,0.0,,,,2026-08-14T07:44:20.322581
806,run-ex-493340ff,admin_149f63,workflow.run.succeeded,54bee8a7-209e-409f-9e62-df9da89fd5fc,,,,0,0,0.0,0.0,,,,2026-08-14T07:44:20.161529
805,run-ex-493340ff,admin_149f63,workflow.node.succeeded,54bee8a7-209e-409f-9e62-df9da89fd5fc,,evidence_count=1,,0,0,0.0,0.0,,,,2026-08-14T07:44:20.155600
804,run-ex-493340ff,admin_149f63,workflow.run.start,54bee8a7-209e-409f-9e62-df9da89fd5fc,,workflow_id=00b683b2-210a-44f0-a553-4269162c7e6e,,0,0,0.0,0.0,,,,2026-08-14T07:44:20.136907
803,e2-txn-bdd9feb4,user_a82483,workflow.hang.escalate_no_dept_manager,48ab1612-18cb-40be-946a-375da2aa754e,,escalate_no_dept_manager,,0,0,0.0,0.0,,,,2026-08-14T07:44:20.111025
802,e2-txn-bdd9feb4,user_a82483,workflow.run.suspended,48ab1612-18cb-40be-946a-375da2aa754e,,tool-x:kb:write:true,,0,0,0.0,0.0,,,,2026-08-14T07:44:20.106032
801,e2-txn-bdd9feb4,user_a82483,workflow.run.start,48ab1612-18cb-40be-946a-375da2aa754e,,workflow_id=cbd05641-0808-438a-ac89-c7c8fc66ea41,,0,0,0.0,0.0,,,,2026-08-14T07:44:20.080503
800,e4-c-f32095e0,user_599473,workflow.hang.escalate_no_dept_manager,921563d3-26d0-4c05-9b10-83020cfd49d7,,escalate_no_dept_manager,,0,0,0.0,0.0,,,,2026-08-14T07:44:20.048522
799,e4-c-f32095e0,user_599473,workflow.run.suspended,921563d3-26d0-4c05-9b10-83020cfd49d7,,kb-b:kb:write:true,,0,0,0.0,0.0,,,,2026-08-14T07:44:20.044082
798,e4-c-f32095e0,user_599473,workflow.node.succeeded,921563d3-26d0-4c05-9b10-83020cfd49d7,,evidence_count=0,,0,0,0.0,0.0,,,,2026-08-14T07:44:20.028840
797,e4-c-f32095e0,user_599473,workflow.hang.escalate_no_dept_manager,921563d3-26d0-4c05-9b10-83020cfd49d7,,escalate_no_dept_manager,,0,0,0.0,0.0,,,,2026-08-14T07:44:20.002761
796,e4-c-f32095e0,user_599473,workflow.run.suspended,921563d3-26d0-4c05-9b10-83020cfd49d7,,kb-a:kb:read:true,,0,0,0.0,0.0,,,,2026-08-14T07:44:19.997170
795,e4-c-f32095e0,user_599473,workflow.run.start,921563d3-26d0-4c05-9b10-83020cfd49d7,,workflow_id=166e92a5-1729-421b-8022-11910c2f1443,,0,0,0.0,0.0,,,,2026-08-14T07:44:19.974714
794,e4-r-0b507abd,user_a17bd6,workflow.run.succeeded,637958af-0d76-43ab-83c0-6f268291c627,,,,0,0,0.0,0.0,,,,2026-08-14T07:44:19.948947
793,e4-r-0b507abd,user_a17bd6,workflow.node.succeeded,637958af-0d76-43ab-83c0-6f268291c627,,evidence_count=0,,0,0,0.0,0.0,,,,2026-08-14T07:44:19.942473
792,e4-r-0b507abd,user_a17bd6,workflow.hang.escalate_no_dept_manager,637958af-0d76-43ab-83c0-6f268291c627,,escalate_no_dept_manager,,0,0,0.0,0.0,,,,2026-08-14T07:44:19.896182
791,e4-r-0b507abd,user_a17bd6,workflow.run.suspended,637958af-0d76-43ab-83c0-6f268291c627,,kb-tool:kb:read:true,,0,0,0.0,0.0,,,,2026-08-14T07:44:19.889279
790,e4-r-0b507abd,user_a17bd6,workflow.run.start,637958af-0d76-43ab-83c0-6f268291c627,,workflow_id=7fdff661-ed1a-4f9f-a473-7f0e05b0faa6,,0,0,0.0,0.0,,,,2026-08-14T07:44:19.853700
789,default,anonymous,rag.ask,3a66a267-0da8-4252-bc48-be463a6dc622,cache_hit=1|什么是 nexusai?,[mock:deepseek-v4-flash] 已收到：的智能助手。你正在使用企业知识库来回答用户的问题。  参考知识： （无检索结果）  用户问题：什么是 NexusAI？  请基于上述知识，用专业、准确的语气回答用户。注意： 1. 优先使用知识库中的内容作为依据 2. 用通俗易懂的语言解释专业概念 3. 提供具体可操作的信息 4. 知识库中没有依据时明确说明，不编造 5. 回答简洁并标注来源（如有）  回答：,,0,0,0.0,2.7133759576827288,,,,2026-08-14T07:44:18.938411
788,t,system,llm_key_failover,failover-10-11,provider=default from=10 to=11 reason=401,,,0,0,0.0,0.0,401,,,2026-08-14T07:44:18.884456
787,e3-s-8fce9a5d,u1,workflow.hang.escalate_timeout,4bf4ce9d-5244-4c9b-b925-6e2f1f348ff1,,escalate_timeout,,0,0,0.0,0.0,,,,2026-08-14T07:44:17.482039
786,e3-t-1e57d155,u1,workflow.hang.escalate_timeout,6a85d642-7f41-4a62-a83c-d7964304f618,,escalate_timeout,,0,0,0.0,0.0,,,,2026-08-14T07:44:17.463527
785,e3-n-8bcb583f,u1,workflow.hang.escalate_no_dept_manager,d8954c10-4716-44d7-b26b-705aa17cd498,,escalate_no_dept_manager,,0,0,0.0,0.0,,,,2026-08-14T07:44:17.447280
784,e-ex-b697a302,u1,workflow.hang.request_expired,1294b1c4-3a7a-4394-858f-e4a9b39ce564,,request=eedbf903-7f45-4c2a-9f61-ef06680c1f21:grant=8d5db689-7744-4207-ab83-f1b420562c87:node=n1,,0,0,0.0,0.0,,,,2026-08-14T07:44:17.429076
783,e-cx-c9c3ce77,u_15cad5,workflow.run.cancelled,d16f548d-36d2-4b69-b1c5-21a724550b9d,,requests_cancelled=1,,0,0,0.0,0.0,,,,2026-08-14T07:44:17.414847
782,e5-7a7c55f5,user_e9bab4,workflow.run.start,a1cb894b-b9f6-4049-a065-51d87acd6e10,,workflow_id=fa226fe9-0c15-4dc7-aeca-2a3959951461,,0,0,0.0,0.0,,,,2026-08-14T07:44:17.319792
781,acme,alice,auth.login,,alice,,,0,0,0.0,0.0,,,,2026-08-14T07:44:16.105900
780,acme,bob,auth.register,,bob,,,0,0,0.0,0.0,,,,2026-08-14T07:44:12.285749
779,acme,alice,auth.register,,alice,,,0,0,0.0,0.0,,,,2026-08-14T07:44:12.039394
778,e4-rj-3e4b68aa,admin,workflow.reject,232cba79-54da-4834-9fad-2641dacb5494,,nope,,0,0,0.0,0.0,,,,2026-08-14T07:44:11.051009
777,run-api-a9ed582c,admin1,workflow.run.start,1fafa90a-b40c-432c-a00b-b3d06b33676c,,workflow_id=4dd2fd4e-d472-4000-b10e-87ab04bd0258,,0,0,0.0,0.0,,,,2026-08-14T07:42:29.989949
776,run-auth-9ce829c7,user_8e97a2,workflow.run.failed,42267d82-689a-486d-9ad8-dc54b3448f45,,"{'code': <ErrorCode.AUTH_INSUFFICIENT_PERMISSIONS: 'AUTH_002'>, 'message': 'permission_denied', 'needed_perm': 'admin:*', 'capability_id': 'admin-tool', 'gate': 'S2_NOT_REQUESTABLE'}",,0,0,0.0,0.0,AUTH_002,,,2026-08-14T07:42:29.668106
775,run-auth-9ce829c7,user_8e97a2,workflow.node.auth_fail,42267d82-689a-486d-9ad8-dc54b3448f45,,admin-tool:admin:*:S2_NOT_REQUESTABLE,,0,0,0.0,0.0,AUTH_002,,,2026-08-14T07:42:29.656363
774,run-auth-9ce829c7,user_8e97a2,workflow.run.start,42267d82-689a-486d-9ad8-dc54b3448f45,,workflow_id=31887127-e3c4-45bc-ab41-69577fa95ce8,,0,0,0.0,0.0,,,,2026-08-14T07:42:29.629374
773,e2-ag-8e25c0b0,mgr_d6fbef,workflow.run.succeeded,911d9672-ead6-416f-9a0e-d46bfb5f065a,,,,0,0,0.0,0.0,,,,2026-08-14T07:42:29.595515
772,e2-ag-8e25c0b0,mgr_d6fbef,workflow.node.succeeded,911d9672-ead6-416f-9a0e-d46bfb5f065a,,evidence_count=0,,0,0,0.0,0.0,,,,2026-08-14T07:42:29.588119
771,e2-ag-8e25c0b0,mgr_d6fbef,workflow.auto_grant,911d9672-ead6-416f-9a0e-d46bfb5f065a,,kb-tool:kb:read:self_approve,,0,0,0.0,0.0,,,,2026-08-14T07:42:29.577752
770,e2-ag-8e25c0b0,mgr_d6fbef,workflow.run.start,911d9672-ead6-416f-9a0e-d46bfb5f065a,,workflow_id=9fd70597-06c6-4b9f-8816-8a86be2d6552,,0,0,0.0,0.0,,,,2026-08-14T07:42:29.549978
769,e2-sus-4d63a217,user_caf83c,workflow.hang.escalate_no_dept_manager,c1de4d1e-6cdf-4a2a-9640-a19a88374efe,,escalate_no_dept_manager,,0,0,0.0,0.0,,,,2026-08-14T07:42:29.519105
768,e2-sus-4d63a217,user_caf83c,workflow.run.suspended,c1de4d1e-6cdf-4a2a-9640-a19a88374efe,,kb-tool:kb:read:true,,0,0,0.0,0.0,,,,2026-08-14T07:42:29.512027
767,e2-sus-4d63a217,user_caf83c,workflow.run.start,c1de4d1e-6cdf-4a2a-9640-a19a88374efe,,workflow_id=c9558bca-10f2-407f-82b2-33666b5168ce,,0,0,0.0,0.0,,,,2026-08-14T07:42:29.478447
766,e2-fail-96e92e0c,user_afeea1,workflow.run.failed,953eb1b1-a609-4772-a7ad-15c5dd35fd4d,,"{'code': <ErrorCode.AUTH_INSUFFICIENT_PERMISSIONS: 'AUTH_002'>, 'message': 'permission_denied', 'needed_perm': 'kb:read', 'capability_id': 'kb-tool', 'gate': 'S2_NOT_REQUESTABLE'}",,0,0,0.0,0.0,AUTH_002,,,2026-08-14T07:42:29.450688
765,e2-fail-96e92e0c,user_afeea1,workflow.node.auth_fail,953eb1b1-a609-4772-a7ad-15c5dd35fd4d,,kb-tool:kb:read:S2_NOT_REQUESTABLE,,0,0,0.0,0.0,AUTH_002,,,2026-08-14T07:42:29.437040
764,e2-fail-96e92e0c,user_afeea1,workflow.run.start,953eb1b1-a609-4772-a7ad-15c5dd35fd4d,,workflow_id=ae7d996b-7fb4-4347-8e5b-315ccb8a627c,,0,0,0.0,0.0,,,,2026-08-14T07:42:29.409671
763,run-ex-a82a008f,admin_67e9ef,workflow.run.succeeded,6fbfe045-0733-47b3-9288-4190574da659,,,,0,0,0.0,0.0,,,,2026-08-14T07:42:29.334054
762,run-ex-a82a008f,admin_67e9ef,workflow.node.succeeded,6fbfe045-0733-47b3-9288-4190574da659,,evidence_count=1,,0,0,0.0,0.0,,,,2026-08-14T07:42:29.324213
761,run-ex-a82a008f,admin_67e9ef,workflow.run.start,6fbfe045-0733-47b3-9288-4190574da659,,workflow_id=72b380e3-6d14-4b3e-bec4-a14bd487c0e7,,0,0,0.0,0.0,,,,2026-08-14T07:42:29.163035
760,e2-txn-6f7bc5ed,user_7ecb57,workflow.hang.escalate_no_dept_manager,87ae47d1-9414-4a20-b671-45301ba92bde,,escalate_no_dept_manager,,0,0,0.0,0.0,,,,2026-08-14T07:42:29.136207
759,e2-txn-6f7bc5ed,user_7ecb57,workflow.run.suspended,87ae47d1-9414-4a20-b671-45301ba92bde,,tool-x:kb:write:true,,0,0,0.0,0.0,,,,2026-08-14T07:42:29.130589
758,e2-txn-6f7bc5ed,user_7ecb57,workflow.run.start,87ae47d1-9414-4a20-b671-45301ba92bde,,workflow_id=30c13763-f653-499b-96b3-ab269a2d83ef,,0,0,0.0,0.0,,,,2026-08-14T07:42:29.107972
757,e4-c-c68605b3,user_cad1c1,workflow.hang.escalate_no_dept_manager,ad470d86-3394-4e1a-b368-8e3f0d54171f,,escalate_no_dept_manager,,0,0,0.0,0.0,,,,2026-08-14T07:42:29.080021
756,e4-c-c68605b3,user_cad1c1,workflow.run.suspended,ad470d86-3394-4e1a-b368-8e3f0d54171f,,kb-b:kb:write:true,,0,0,0.0,0.0,,,,2026-08-14T07:42:29.074746
755,e4-c-c68605b3,user_cad1c1,workflow.node.succeeded,ad470d86-3394-4e1a-b368-8e3f0d54171f,,evidence_count=0,,0,0,0.0,0.0,,,,2026-08-14T07:42:29.057749
754,e4-c-c68605b3,user_cad1c1,workflow.hang.escalate_no_dept_manager,ad470d86-3394-4e1a-b368-8e3f0d54171f,,escalate_no_dept_manager,,0,0,0.0,0.0,,,,2026-08-14T07:42:29.032276
753,e4-c-c68605b3,user_cad1c1,workflow.run.suspended,ad470d86-3394-4e1a-b368-8e3f0d54171f,,kb-a:kb:read:true,,0,0,0.0,0.0,,,,2026-08-14T07:42:29.027691
752,e4-c-c68605b3,user_cad1c1,workflow.run.start,ad470d86-3394-4e1a-b368-8e3f0d54171f,,workflow_id=faeb3639-2d6b-4dc5-abea-664319141d59,,0,0,0.0,0.0,,,,2026-08-14T07:42:29.005618
751,e4-r-09abce7b,user_a1934a,workflow.run.succeeded,5a6df15d-d55e-4c54-ab3c-7ea069b92f3f,,,,0,0,0.0,0.0,,,,2026-08-14T07:42:28.981077
750,e4-r-09abce7b,user_a1934a,workflow.node.succeeded,5a6df15d-d55e-4c54-ab3c-7ea069b92f3f,,evidence_count=0,,0,0,0.0,0.0,,,,2026-08-14T07:42:28.972575
749,e4-r-09abce7b,user_a1934a,workflow.hang.escalate_no_dept_manager,5a6df15d-d55e-4c54-ab3c-7ea069b92f3f,,escalate_no_dept_manager,,0,0,0.0,0.0,,,,2026-08-14T07:42:28.932585
748,e4-r-09abce7b,user_a1934a,workflow.run.suspended,5a6df15d-d55e-4c54-ab3c-7ea069b92f3f,,kb-tool:kb:read:true,,0,0,0.0,0.0,,,,2026-08-14T07:42:28.927603
747,e4-r-09abce7b,user_a1934a,workflow.run.start,5a6df15d-d55e-4c54-ab3c-7ea069b92f3f,,workflow_id=8aeefc4a-77bc-4c65-a2ab-0fff58ae6181,,0,0,0.0,0.0,,,,2026-08-14T07:42:28.906218
746,default,anonymous,rag.ask,c3a6b206-9a0c-470f-aaef-8d12c42f0d36,cache_hit=1|什么是 nexusai?,[mock:deepseek-v4-flash] 已收到：的智能助手。你正在使用企业知识库来回答用户的问题。  参考知识： （无检索结果）  用户问题：什么是 NexusAI？  请基于上述知识，用专业、准确的语气回答用户。注意： 1. 优先使用知识库中的内容作为依据 2. 用通俗易懂的语言解释专业概念 3. 提供具体可操作的信息 4. 知识库中没有依据时明确说明，不编造 5. 回答简洁并标注来源（如有）  回答：,,0,0,0.0,4.2075349483639,,,,2026-08-14T07:42:28.358067
745,t,system,llm_key_failover,failover-10-11,provider=default from=10 to=11 reason=401,,,0,0,0.0,0.0,401,,,2026-08-14T07:42:28.302118
744,e3-s-e10032e0,u1,workflow.hang.escalate_timeout,8fb88212-534c-4343-bef3-32439896e282,,escalate_timeout,,0,0,0.0,0.0,,,,2026-08-14T07:42:26.908094
743,e3-t-68efcb92,u1,workflow.hang.escalate_timeout,28d35fcf-0af4-4d19-bf80-b5abba3f4a08,,escalate_timeout,,0,0,0.0,0.0,,,,2026-08-14T07:42:26.888106
742,e3-n-375d1c80,u1,workflow.hang.escalate_no_dept_manager,a535eb78-371b-4d54-8eee-e22c076be9c6,,escalate_no_dept_manager,,0,0,0.0,0.0,,,,2026-08-14T07:42:26.871712
741,e-ex-18b78066,u1,workflow.hang.request_expired,72c5c2cd-7412-46f7-8ad6-f1b5639a914f,,request=bd4ea282-32b6-4d44-b78b-f904a4f7e78b:grant=7fec2fa6-e49b-4c01-979b-bfe5fd6cc03e:node=n1,,0,0,0.0,0.0,,,,2026-08-14T07:42:26.852988
740,e-cx-30d1c050,u_380832,workflow.run.cancelled,f26d1f79-7e84-4592-8562-f6b762add399,,requests_cancelled=1,,0,0,0.0,0.0,,,,2026-08-14T07:42:26.838829
739,e5-a152cead,user_28d30a,workflow.run.start,119d403f-a367-4c1d-b99c-34746a563816,,workflow_id=d5f6cc36-5cb0-46fe-a645-32d13fef2ae6,,0,0,0.0,0.0,,,,2026-08-14T07:42:26.742002
738,acme,alice,auth.login,,alice,,,0,0,0.0,0.0,,,,2026-08-14T07:42:25.530594
737,acme,bob,auth.register,,bob,,,0,0,0.0,0.0,,,,2026-08-14T07:42:21.716010
736,acme,alice,auth.register,,alice,,,0,0,0.0,0.0,,,,2026-08-14T07:42:21.471874
735,e4-rj-4d84babb,admin,workflow.reject,aa585027-55bc-4304-8a75-31aefe6c659e,,nope,,0,0,0.0,0.0,,,,2026-08-14T07:42:20.497785
734,t,system,llm_key_failover,failover-10-11,provider=default from=10 to=11 reason=401,,,0,0,0.0,0.0,401,,,2026-08-14T07:42:07.638317
733,run-api-ee36ca6f,admin1,workflow.run.start,347bf78e-fd2a-49fb-9e07-c85d4f2f8dea,,workflow_id=5c48ff67-5729-4062-98b8-eca01351c4d0,,0,0,0.0,0.0,,,,2026-08-14T07:41:50.243433
732,run-auth-b5493633,user_d383ce,workflow.run.failed,28747835-3781-40d4-82db-d7b795e7a966,,"{'code': <ErrorCode.AUTH_INSUFFICIENT_PERMISSIONS: 'AUTH_002'>, 'message': 'permission_denied', 'needed_perm': 'admin:*', 'capability_id': 'admin-tool', 'gate': 'S2_NOT_REQUESTABLE'}",,0,0,0.0,0.0,AUTH_002,,,2026-08-14T07:41:49.901342
731,run-auth-b5493633,user_d383ce,workflow.node.auth_fail,28747835-3781-40d4-82db-d7b795e7a966,,admin-tool:admin:*:S2_NOT_REQUESTABLE,,0,0,0.0,0.0,AUTH_002,,,2026-08-14T07:41:49.893006
730,run-auth-b5493633,user_d383ce,workflow.run.start,28747835-3781-40d4-82db-d7b795e7a966,,workflow_id=f5c7c664-2305-4668-b0c9-e4438221e3e3,,0,0,0.0,0.0,,,,2026-08-14T07:41:49.874723
729,e2-ag-35cd4c9c,mgr_cf08a0,workflow.run.succeeded,379beb53-57c5-4bff-ba7c-969cd95b1ad3,,,,0,0,0.0,0.0,,,,2026-08-14T07:41:49.848950
728,e2-ag-35cd4c9c,mgr_cf08a0,workflow.node.succeeded,379beb53-57c5-4bff-ba7c-969cd95b1ad3,,evidence_count=0,,0,0,0.0,0.0,,,,2026-08-14T07:41:49.843622
727,e2-ag-35cd4c9c,mgr_cf08a0,workflow.auto_grant,379beb53-57c5-4bff-ba7c-969cd95b1ad3,,kb-tool:kb:read:self_approve,,0,0,0.0,0.0,,,,2026-08-14T07:41:49.836497
726,e2-ag-35cd4c9c,mgr_cf08a0,workflow.run.start,379beb53-57c5-4bff-ba7c-969cd95b1ad3,,workflow_id=e3f39a89-5669-45b8-9290-83fec67f1139,,0,0,0.0,0.0,,,,2026-08-14T07:41:49.815811
725,e2-sus-ebee7f77,user_a00539,workflow.hang.escalate_no_dept_manager,abc38e53-f1a2-4bb3-b85d-927b322eba5c,,escalate_no_dept_manager,,0,0,0.0,0.0,,,,2026-08-14T07:41:49.790803
724,e2-sus-ebee7f77,user_a00539,workflow.run.suspended,abc38e53-f1a2-4bb3-b85d-927b322eba5c,,kb-tool:kb:read:true,,0,0,0.0,0.0,,,,2026-08-14T07:41:49.784841
723,e2-sus-ebee7f77,user_a00539,workflow.run.start,abc38e53-f1a2-4bb3-b85d-927b322eba5c,,workflow_id=9f06934b-6da6-4e40-8f87-8c57d21ad4a2,,0,0,0.0,0.0,,,,2026-08-14T07:41:49.757334
722,e2-fail-f99c42bf,user_07cf32,workflow.run.failed,18080da5-29fc-4a0b-b75c-b10f0aef7dfc,,"{'code': <ErrorCode.AUTH_INSUFFICIENT_PERMISSIONS: 'AUTH_002'>, 'message': 'permission_denied', 'needed_perm': 'kb:read', 'capability_id': 'kb-tool', 'gate': 'S2_NOT_REQUESTABLE'}",,0,0,0.0,0.0,AUTH_002,,,2026-08-14T07:41:49.735332
721,e2-fail-f99c42bf,user_07cf32,workflow.node.auth_fail,18080da5-29fc-4a0b-b75c-b10f0aef7dfc,,kb-tool:kb:read:S2_NOT_REQUESTABLE,,0,0,0.0,0.0,AUTH_002,,,2026-08-14T07:41:49.727455
720,e2-fail-f99c42bf,user_07cf32,workflow.run.start,18080da5-29fc-4a0b-b75c-b10f0aef7dfc,,workflow_id=97b2baa6-519f-4ba8-b89b-9e91d405596a,,0,0,0.0,0.0,,,,2026-08-14T07:41:49.705082
719,run-ex-657d07a3,admin_1d5cc0,workflow.run.succeeded,01445fa4-c26d-4410-9b24-2617f6e67c82,,,,0,0,0.0,0.0,,,,2026-08-14T07:41:49.654797
718,run-ex-657d07a3,admin_1d5cc0,workflow.node.succeeded,01445fa4-c26d-4410-9b24-2617f6e67c82,,evidence_count=1,,0,0,0.0,0.0,,,,2026-08-14T07:41:49.647723
717,run-ex-657d07a3,admin_1d5cc0,workflow.run.start,01445fa4-c26d-4410-9b24-2617f6e67c82,,workflow_id=176bf385-20a0-48a6-aabc-c22057c8b2cd,,0,0,0.0,0.0,,,,2026-08-14T07:41:49.625653
716,e2-txn-5be8b2d2,user_6d5d5b,workflow.hang.escalate_no_dept_manager,f8797471-2c20-4214-985b-60d396f1897a,,escalate_no_dept_manager,,0,0,0.0,0.0,,,,2026-08-14T07:41:49.598263
715,e2-txn-5be8b2d2,user_6d5d5b,workflow.run.suspended,f8797471-2c20-4214-985b-60d396f1897a,,tool-x:kb:write:true,,0,0,0.0,0.0,,,,2026-08-14T07:41:49.593159
714,e2-txn-5be8b2d2,user_6d5d5b,workflow.run.start,f8797471-2c20-4214-985b-60d396f1897a,,workflow_id=d319afee-890d-47bb-90b2-b81e170a3907,,0,0,0.0,0.0,,,,2026-08-14T07:41:49.566737
713,e4-c-fbcc4582,user_73c075,workflow.hang.escalate_no_dept_manager,1ee73b48-d652-42af-a694-96e8f739862f,,escalate_no_dept_manager,,0,0,0.0,0.0,,,,2026-08-14T07:41:49.540311
712,e4-c-fbcc4582,user_73c075,workflow.run.suspended,1ee73b48-d652-42af-a694-96e8f739862f,,kb-b:kb:write:true,,0,0,0.0,0.0,,,,2026-08-14T07:41:49.533698
711,e4-c-fbcc4582,user_73c075,workflow.node.succeeded,1ee73b48-d652-42af-a694-96e8f739862f,,evidence_count=0,,0,0,0.0,0.0,,,,2026-08-14T07:41:49.518360
710,e4-c-fbcc4582,user_73c075,workflow.hang.escalate_no_dept_manager,1ee73b48-d652-42af-a694-96e8f739862f,,escalate_no_dept_manager,,0,0,0.0,0.0,,,,2026-08-14T07:41:49.491523
709,e4-c-fbcc4582,user_73c075,workflow.run.suspended,1ee73b48-d652-42af-a694-96e8f739862f,,kb-a:kb:read:true,,0,0,0.0,0.0,,,,2026-08-14T07:41:49.486636
708,e4-c-fbcc4582,user_73c075,workflow.run.start,1ee73b48-d652-42af-a694-96e8f739862f,,workflow_id=cf0d13f2-fa7c-4a9f-ab1a-d2888832ce1a,,0,0,0.0,0.0,,,,2026-08-14T07:41:49.464865
707,e4-r-1f4529cf,user_8e2679,workflow.run.succeeded,41f38a9b-3bca-4905-be7a-7aa3b22973ea,,,,0,0,0.0,0.0,,,,2026-08-14T07:41:49.438131
706,e4-r-1f4529cf,user_8e2679,workflow.node.succeeded,41f38a9b-3bca-4905-be7a-7aa3b22973ea,,evidence_count=0,,0,0,0.0,0.0,,,,2026-08-14T07:41:49.427367
705,e4-r-1f4529cf,user_8e2679,workflow.hang.escalate_no_dept_manager,41f38a9b-3bca-4905-be7a-7aa3b22973ea,,escalate_no_dept_manager,,0,0,0.0,0.0,,,,2026-08-14T07:41:49.383380
704,e4-r-1f4529cf,user_8e2679,workflow.run.suspended,41f38a9b-3bca-4905-be7a-7aa3b22973ea,,kb-tool:kb:read:true,,0,0,0.0,0.0,,,,2026-08-14T07:41:49.376586
703,e4-r-1f4529cf,user_8e2679,workflow.run.start,41f38a9b-3bca-4905-be7a-7aa3b22973ea,,workflow_id=e5ba631b-bae9-44fd-9b0d-94c423d5bead,,0,0,0.0,0.0,,,,2026-08-14T07:41:49.350313
702,default,anonymous,rag.ask,a512eb5d-266a-43a6-93fc-e06ebe883106,cache_hit=1|什么是 nexusai?,[mock:deepseek-v4-flash] 已收到：的智能助手。你正在使用企业知识库来回答用户的问题。  参考知识： （无检索结果）  用户问题：什么是 NexusAI？  请基于上述知识，用专业、准确的语气回答用户。注意： 1. 优先使用知识库中的内容作为依据 2. 用通俗易懂的语言解释专业概念 3. 提供具体可操作的信息 4. 知识库中没有依据时明确说明，不编造 5. 回答简洁并标注来源（如有）  回答：,,0,0,0.0,3.167385933920741,,,,2026-08-14T07:41:48.809658
701,e3-s-d99e6235,u1,workflow.hang.escalate_timeout,6b160537-210f-4511-b81b-dcf3ca129e9b,,escalate_timeout,,0,0,0.0,0.0,,,,2026-08-14T07:41:47.359425
700,e3-t-b4376d0a,u1,workflow.hang.escalate_timeout,79f5b3e0-5800-4625-98be-961035ebfd57,,escalate_timeout,,0,0,0.0,0.0,,,,2026-08-14T07:41:47.337994
699,e3-n-86f23c04,u1,workflow.hang.escalate_no_dept_manager,2f7ce432-fb5c-46c9-bb99-240d0425f729,,escalate_no_dept_manager,,0,0,0.0,0.0,,,,2026-08-14T07:41:47.322689
698,e-ex-c63fb8eb,u1,workflow.hang.request_expired,4ed1aa00-e6c1-44b2-ab5f-ccc94ae1f813,,request=6d7f3b06-f78d-454d-a275-0944ee4ea7d9:grant=36474d3e-3342-4653-b6c6-8588dd2c8f81:node=n1,,0,0,0.0,0.0,,,,2026-08-14T07:41:47.302598
697,e-cx-a5bf0590,u_d072f2,workflow.run.cancelled,dda5763e-17d9-4d1d-9417-a7d0186e3ac1,,requests_cancelled=1,,0,0,0.0,0.0,,,,2026-08-14T07:41:47.288008
696,e5-94bfc785,user_5d86e7,workflow.run.start,791dc888-a06e-49e8-9abf-c7ee4d856d4f,,workflow_id=4e02481f-3111-4661-a122-7e3bfef9ad5f,,0,0,0.0,0.0,,,,2026-08-14T07:41:47.180652
695,acme,alice,auth.login,,alice,,,0,0,0.0,0.0,,,,2026-08-14T07:41:45.930792
694,acme,bob,auth.register,,bob,,,0,0,0.0,0.0,,,,2026-08-14T07:41:42.169716
693,acme,alice,auth.register,,alice,,,0,0,0.0,0.0,,,,2026-08-14T07:41:41.926007
692,e4-rj-40b26bfc,admin,workflow.reject,fd45ce7f-8035-4407-b483-3ae1fe98ee71,,nope,,0,0,0.0,0.0,,,,2026-08-14T07:41:40.893386
691,run-api-24aeb5df,admin1,workflow.run.start,98657649-b3fe-40f1-80c8-845bb3d9a243,,workflow_id=1765c64c-deaf-4762-a130-e5c842930815,,0,0,0.0,0.0,,,,2026-08-14T07:32:59.909220
690,run-auth-7452b189,user_eff6f6,workflow.run.failed,c6f22541-1e31-471f-9733-769e2bc5121f,,"{'code': <ErrorCode.AUTH_INSUFFICIENT_PERMISSIONS: 'AUTH_002'>, 'message': 'permission_denied', 'needed_perm': 'admin:*', 'capability_id': 'admin-tool', 'gate': 'S2_NOT_REQUESTABLE'}",,0,0,0.0,0.0,AUTH_002,,,2026-08-14T07:32:59.522165
689,run-auth-7452b189,user_eff6f6,workflow.node.auth_fail,c6f22541-1e31-471f-9733-769e2bc5121f,,admin-tool:admin:*:S2_NOT_REQUESTABLE,,0,0,0.0,0.0,AUTH_002,,,2026-08-14T07:32:59.513955
688,run-auth-7452b189,user_eff6f6,workflow.run.start,c6f22541-1e31-471f-9733-769e2bc5121f,,workflow_id=be00d2dc-e95d-4a49-9984-d3fa3cd99425,,0,0,0.0,0.0,,,,2026-08-14T07:32:59.488633
687,e2-ag-55fe46a2,mgr_3bcf45,workflow.run.succeeded,d197c519-4d7c-4ad3-b886-8bd5198abb74,,,,0,0,0.0,0.0,,,,2026-08-14T07:32:59.450162
686,e2-ag-55fe46a2,mgr_3bcf45,workflow.node.succeeded,d197c519-4d7c-4ad3-b886-8bd5198abb74,,evidence_count=0,,0,0,0.0,0.0,,,,2026-08-14T07:32:59.441381
685,e2-ag-55fe46a2,mgr_3bcf45,workflow.auto_grant,d197c519-4d7c-4ad3-b886-8bd5198abb74,,kb-tool:kb:read:self_approve,,0,0,0.0,0.0,,,,2026-08-14T07:32:59.426365
684,e2-ag-55fe46a2,mgr_3bcf45,workflow.run.start,d197c519-4d7c-4ad3-b886-8bd5198abb74,,workflow_id=72f465aa-d52e-43db-bb8a-d0d5a44fd1d2,,0,0,0.0,0.0,,,,2026-08-14T07:32:59.397924
683,e2-sus-87c8d312,user_b8ca82,workflow.hang.escalate_no_dept_manager,12751a40-1dbe-4bb5-a410-e598cb4f2db8,,escalate_no_dept_manager,,0,0,0.0,0.0,,,,2026-08-14T07:32:59.366931
682,e2-sus-87c8d312,user_b8ca82,workflow.run.suspended,12751a40-1dbe-4bb5-a410-e598cb4f2db8,,kb-tool:kb:read:true,,0,0,0.0,0.0,,,,2026-08-14T07:32:59.361316
681,e2-sus-87c8d312,user_b8ca82,workflow.run.start,12751a40-1dbe-4bb5-a410-e598cb4f2db8,,workflow_id=9546e6f2-fe07-4985-8b0a-4ff0c2d78b19,,0,0,0.0,0.0,,,,2026-08-14T07:32:59.320103
680,e2-fail-65355ff2,user_23d61b,workflow.run.failed,f7aed8b8-c0d3-4c0b-9837-1cbb4ea1c125,,"{'code': <ErrorCode.AUTH_INSUFFICIENT_PERMISSIONS: 'AUTH_002'>, 'message': 'permission_denied', 'needed_perm': 'kb:read', 'capability_id': 'kb-tool', 'gate': 'S2_NOT_REQUESTABLE'}",,0,0,0.0,0.0,AUTH_002,,,2026-08-14T07:32:59.294444
679,e2-fail-65355ff2,user_23d61b,workflow.node.auth_fail,f7aed8b8-c0d3-4c0b-9837-1cbb4ea1c125,,kb-tool:kb:read:S2_NOT_REQUESTABLE,,0,0,0.0,0.0,AUTH_002,,,2026-08-14T07:32:59.275447
678,e2-fail-65355ff2,user_23d61b,workflow.run.start,f7aed8b8-c0d3-4c0b-9837-1cbb4ea1c125,,workflow_id=7f2ebfe9-b3d6-43d2-aaf4-11e1c4beda01,,0,0,0.0,0.0,,,,2026-08-14T07:32:59.249626
677,run-ex-a1adc454,admin_e0b321,workflow.run.succeeded,2397d17f-3538-4fdd-8407-dd64aa6fd267,,,,0,0,0.0,0.0,,,,2026-08-14T07:32:59.179186
676,run-ex-a1adc454,admin_e0b321,workflow.node.succeeded,2397d17f-3538-4fdd-8407-dd64aa6fd267,,evidence_count=1,,0,0,0.0,0.0,,,,2026-08-14T07:32:59.170363
675,run-ex-a1adc454,admin_e0b321,workflow.run.start,2397d17f-3538-4fdd-8407-dd64aa6fd267,,workflow_id=b8ebb57f-ae2d-4702-9e3d-4992ab72de37,,0,0,0.0,0.0,,,,2026-08-14T07:32:59.147670
674,e2-txn-0de9345c,user_ebc99e,workflow.hang.escalate_no_dept_manager,bcdc4b8b-a5f5-46c3-8a78-ebb4956a2307,,escalate_no_dept_manager,,0,0,0.0,0.0,,,,2026-08-14T07:32:59.116222
673,e2-txn-0de9345c,user_ebc99e,workflow.run.suspended,bcdc4b8b-a5f5-46c3-8a78-ebb4956a2307,,tool-x:kb:write:true,,0,0,0.0,0.0,,,,2026-08-14T07:32:59.109339
672,e2-txn-0de9345c,user_ebc99e,workflow.run.start,bcdc4b8b-a5f5-46c3-8a78-ebb4956a2307,,workflow_id=c651ae2f-5a33-465c-923a-2fcf7d8a1076,,0,0,0.0,0.0,,,,2026-08-14T07:32:59.070450
671,e4-c-6fbb494c,user_cdfa79,workflow.hang.escalate_no_dept_manager,a8633e66-0f4c-4b59-af6e-5b132d3a8ac2,,escalate_no_dept_manager,,0,0,0.0,0.0,,,,2026-08-14T07:32:59.042972
670,e4-c-6fbb494c,user_cdfa79,workflow.run.suspended,a8633e66-0f4c-4b59-af6e-5b132d3a8ac2,,kb-b:kb:write:true,,0,0,0.0,0.0,,,,2026-08-14T07:32:59.038363
669,e4-c-6fbb494c,user_cdfa79,workflow.node.succeeded,a8633e66-0f4c-4b59-af6e-5b132d3a8ac2,,evidence_count=0,,0,0,0.0,0.0,,,,2026-08-14T07:32:59.019771
668,e4-c-6fbb494c,user_cdfa79,workflow.hang.escalate_no_dept_manager,a8633e66-0f4c-4b59-af6e-5b132d3a8ac2,,escalate_no_dept_manager,,0,0,0.0,0.0,,,,2026-08-14T07:32:58.995425
667,e4-c-6fbb494c,user_cdfa79,workflow.run.suspended,a8633e66-0f4c-4b59-af6e-5b132d3a8ac2,,kb-a:kb:read:true,,0,0,0.0,0.0,,,,2026-08-14T07:32:58.987523
666,e4-c-6fbb494c,user_cdfa79,workflow.run.start,a8633e66-0f4c-4b59-af6e-5b132d3a8ac2,,workflow_id=6e99211b-1604-43e7-8d8f-905175234dbd,,0,0,0.0,0.0,,,,2026-08-14T07:32:58.948853
665,e4-r-98d03f57,user_087b31,workflow.run.succeeded,3707638c-ff70-4d80-901e-227ab3ad145b,,,,0,0,0.0,0.0,,,,2026-08-14T07:32:58.918501
664,e4-r-98d03f57,user_087b31,workflow.node.succeeded,3707638c-ff70-4d80-901e-227ab3ad145b,,evidence_count=0,,0,0,0.0,0.0,,,,2026-08-14T07:32:58.912245
663,e4-r-98d03f57,user_087b31,workflow.hang.escalate_no_dept_manager,3707638c-ff70-4d80-901e-227ab3ad145b,,escalate_no_dept_manager,,0,0,0.0,0.0,,,,2026-08-14T07:32:58.846293
662,e4-r-98d03f57,user_087b31,workflow.run.suspended,3707638c-ff70-4d80-901e-227ab3ad145b,,kb-tool:kb:read:true,,0,0,0.0,0.0,,,,2026-08-14T07:32:58.839678
661,e4-r-98d03f57,user_087b31,workflow.run.start,3707638c-ff70-4d80-901e-227ab3ad145b,,workflow_id=19bc4e74-7680-459a-b1d4-010de0e5b237,,0,0,0.0,0.0,,,,2026-08-14T07:32:58.806002
660,default,anonymous,rag.ask,01669a0a-3d60-4a7d-a86f-9d71bdff427f,cache_hit=1|什么是 nexusai?,[mock:deepseek-v4-flash] 已收到：的智能助手。你正在使用企业知识库来回答用户的问题。  参考知识： （无检索结果）  用户问题：什么是 NexusAI？  请基于上述知识，用专业、准确的语气回答用户。注意： 1. 优先使用知识库中的内容作为依据 2. 用通俗易懂的语言解释专业概念 3. 提供具体可操作的信息 4. 知识库中没有依据时明确说明，不编造 5. 回答简洁并标注来源（如有）  回答：,,0,0,0.0,7.3902609292417765,,,,2026-08-14T07:32:58.228956
659,t,system,llm_key_failover,failover-10-11,provider=default from=10 to=11 reason=401,,,0,0,0.0,0.0,401,,,2026-08-14T07:32:58.145578
658,e3-s-9e287092,u1,workflow.hang.escalate_timeout,0eabf564-3bba-49a6-9740-aa26dbf804f0,,escalate_timeout,,0,0,0.0,0.0,,,,2026-08-14T07:32:56.726001
657,e3-t-24220e0d,u1,workflow.hang.escalate_timeout,6b428ac9-aada-4d0c-9b55-27686aded198,,escalate_timeout,,0,0,0.0,0.0,,,,2026-08-14T07:32:56.692817
656,e3-n-1403928c,u1,workflow.hang.escalate_no_dept_manager,a8ab4c4e-a6a1-439a-831b-e580093f562b,,escalate_no_dept_manager,,0,0,0.0,0.0,,,,2026-08-14T07:32:56.674978
655,e-ex-1d33f565,u1,workflow.hang.request_expired,73e85960-83d5-493a-9141-22d6842dbf41,,request=00ab569c-b8cc-4401-ae71-b511644859ea:grant=22985a0b-a943-462a-a4c0-8830abf92e3f:node=n1,,0,0,0.0,0.0,,,,2026-08-14T07:32:56.643017
654,e-cx-f266314c,u_a707ec,workflow.run.cancelled,e811b9fe-8a7f-405f-9f74-6d00bdb92237,,requests_cancelled=1,,0,0,0.0,0.0,,,,2026-08-14T07:32:56.617441
653,e5-6376e43e,user_3cb476,workflow.run.start,903a253f-5597-4fa8-a259-d14b15c74c2a,,workflow_id=50bbe54d-a080-4001-9fae-f07389e90b1e,,0,0,0.0,0.0,,,,2026-08-14T07:32:56.481289
652,acme,alice,auth.login,,alice,,,0,0,0.0,0.0,,,,2026-08-14T07:32:54.777330
651,acme,bob,auth.register,,bob,,,0,0,0.0,0.0,,,,2026-08-14T07:32:50.850361
650,acme,alice,auth.register,,alice,,,0,0,0.0,0.0,,,,2026-08-14T07:32:50.603912
649,e4-rj-afb407e2,admin,workflow.reject,c5052c59-0a12-473a-97cd-ae1090faa00e,,nope,,0,0,0.0,0.0,,,,2026-08-14T07:32:49.585474
648,e3-s-65097a4d,u1,workflow.hang.escalate_timeout,3fa60611-47c2-4804-bd0e-e30c29dfcce8,,escalate_timeout,,0,0,0.0,0.0,,,,2026-08-14T07:32:40.650816
647,e3-t-91dd3d80,u1,workflow.hang.escalate_timeout,89b3dfac-7972-42f5-a62c-5029d14f59a5,,escalate_timeout,,0,0,0.0,0.0,,,,2026-08-14T07:32:40.570979
646,e-ex-e9d0377f,u1,workflow.hang.request_expired,49043dc9-3719-450c-800c-f0558330ab08,,request=769fe0eb-0a71-40a3-85dd-ec204d9dde40:grant=25ad89fc-7972-4bf7-adb7-d7dd97790778:node=n1,,0,0,0.0,0.0,,,,2026-08-14T07:32:40.529244
645,e-cx-55b3e148,u_54cb5f,workflow.run.cancelled,3d355a08-38a1-4e39-9e34-873714258ede,,requests_cancelled=1,,0,0,0.0,0.0,,,,2026-08-14T07:32:40.492273
644,e5-9086cc60,user_54e516,workflow.run.start,6fe1fbd5-5243-423a-b100-248fe200e1de,,workflow_id=020633cc-be1b-400d-a0b7-cac56504fd55,,0,0,0.0,0.0,,,,2026-08-14T07:32:40.294528
643,e4-rj-2190759f,admin,workflow.reject,ebe26d42-f946-4bab-91d4-9e2fbdf1680f,,nope,,0,0,0.0,0.0,,,,2026-08-14T07:32:40.245515
642,e4-c-6398a2e4,user_5d2a12,workflow.hang.escalate_no_dept_manager,8f87db45-ba1f-47ad-9d76-30634e37edf6,,escalate_no_dept_manager,,0,0,0.0,0.0,,,,2026-08-14T07:32:40.122972
641,e4-c-6398a2e4,user_5d2a12,workflow.run.suspended,8f87db45-ba1f-47ad-9d76-30634e37edf6,,kb-b:kb:write:true,,0,0,0.0,0.0,,,,2026-08-14T07:32:40.106626
640,e4-c-6398a2e4,user_5d2a12,workflow.node.succeeded,8f87db45-ba1f-47ad-9d76-30634e37edf6,,evidence_count=0,,0,0,0.0,0.0,,,,2026-08-14T07:32:40.077035
639,e4-c-6398a2e4,user_5d2a12,workflow.hang.escalate_no_dept_manager,8f87db45-ba1f-47ad-9d76-30634e37edf6,,escalate_no_dept_manager,,0,0,0.0,0.0,,,,2026-08-14T07:32:40.024981
638,e4-c-6398a2e4,user_5d2a12,workflow.run.suspended,8f87db45-ba1f-47ad-9d76-30634e37edf6,,kb-a:kb:read:true,,0,0,0.0,0.0,,,,2026-08-14T07:32:40.010706
637,e4-c-6398a2e4,user_5d2a12,workflow.run.start,8f87db45-ba1f-47ad-9d76-30634e37edf6,,workflow_id=f16f7597-46cb-447f-98b3-a3b7e28b4af4,,0,0,0.0,0.0,,,,2026-08-14T07:32:39.952634
636,e4-r-4d0a5b86,user_b70724,workflow.run.succeeded,e3c4d87b-2a6b-457b-b426-2e9ec42ebb12,,,,0,0,0.0,0.0,,,,2026-08-14T07:32:39.899205
635,e4-r-4d0a5b86,user_b70724,workflow.node.succeeded,e3c4d87b-2a6b-457b-b426-2e9ec42ebb12,,evidence_count=0,,0,0,0.0,0.0,,,,2026-08-14T07:32:39.877912
634,e4-r-4d0a5b86,user_b70724,workflow.hang.escalate_no_dept_manager,e3c4d87b-2a6b-457b-b426-2e9ec42ebb12,,escalate_no_dept_manager,,0,0,0.0,0.0,,,,2026-08-14T07:32:39.810606
633,e4-r-4d0a5b86,user_b70724,workflow.run.suspended,e3c4d87b-2a6b-457b-b426-2e9ec42ebb12,,kb-tool:kb:read:true,,0,0,0.0,0.0,,,,2026-08-14T07:32:39.798411
632,e4-r-4d0a5b86,user_b70724,workflow.run.start,e3c4d87b-2a6b-457b-b426-2e9ec42ebb12,,workflow_id=6f9520c5-2507-4aba-ab0c-bbb66dbb24a0,,0,0,0.0,0.0,,,,2026-08-14T07:32:39.732351
631,e3-n-450a8d34,u1,workflow.hang.escalate_no_dept_manager,8a0c8224-9524-4968-b76c-959eb29fc451,,escalate_no_dept_manager,,0,0,0.0,0.0,,,,2026-08-14T07:32:39.665787
630,e2-txn-b2db2ede,user_bef5db,workflow.hang.escalate_no_dept_manager,26eb48b8-6b96-4d70-a8c2-7cf8c1eb67b2,,escalate_no_dept_manager,,0,0,0.0,0.0,,,,2026-08-14T07:32:39.586843
629,e2-txn-b2db2ede,user_bef5db,workflow.run.suspended,26eb48b8-6b96-4d70-a8c2-7cf8c1eb67b2,,tool-x:kb:write:true,,0,0,0.0,0.0,,,,2026-08-14T07:32:39.577658
628,e2-txn-b2db2ede,user_bef5db,workflow.run.start,26eb48b8-6b96-4d70-a8c2-7cf8c1eb67b2,,workflow_id=c350c68b-5718-48c8-a912-83e360eacd20,,0,0,0.0,0.0,,,,2026-08-14T07:32:39.527431
627,e2-ag-4a91a360,mgr_f7c752,workflow.run.succeeded,d167dcf8-203f-460d-b653-67686407d4c1,,,,0,0,0.0,0.0,,,,2026-08-14T07:32:39.474593
626,e2-ag-4a91a360,mgr_f7c752,workflow.node.succeeded,d167dcf8-203f-460d-b653-67686407d4c1,,evidence_count=0,,0,0,0.0,0.0,,,,2026-08-14T07:32:39.464550
625,e2-ag-4a91a360,mgr_f7c752,workflow.auto_grant,d167dcf8-203f-460d-b653-67686407d4c1,,kb-tool:kb:read:self_approve,,0,0,0.0,0.0,,,,2026-08-14T07:32:39.453031
624,e2-ag-4a91a360,mgr_f7c752,workflow.run.start,d167dcf8-203f-460d-b653-67686407d4c1,,workflow_id=dd8b9869-4c0a-4627-bc87-4c4df9d261b2,,0,0,0.0,0.0,,,,2026-08-14T07:32:39.399501
623,e2-sus-9243eade,user_677854,workflow.hang.escalate_no_dept_manager,b4efcde8-b620-41d4-bc47-ee12f1821ea1,,escalate_no_dept_manager,,0,0,0.0,0.0,,,,2026-08-14T07:32:39.310999
622,e2-sus-9243eade,user_677854,workflow.run.suspended,b4efcde8-b620-41d4-bc47-ee12f1821ea1,,kb-tool:kb:read:true,,0,0,0.0,0.0,,,,2026-08-14T07:32:39.299005
621,e2-sus-9243eade,user_677854,workflow.run.start,b4efcde8-b620-41d4-bc47-ee12f1821ea1,,workflow_id=7448e7cb-9b5a-4270-b2be-cc6dfabae0a5,,0,0,0.0,0.0,,,,2026-08-14T07:32:39.237246
620,e2-fail-9fdf3fd5,user_934e0f,workflow.run.failed,d0e2d1df-a245-44f5-92ab-f56d729f2ca7,,"{'code': <ErrorCode.AUTH_INSUFFICIENT_PERMISSIONS: 'AUTH_002'>, 'message': 'permission_denied', 'needed_perm': 'kb:read', 'capability_id': 'kb-tool', 'gate': 'S2_NOT_REQUESTABLE'}",,0,0,0.0,0.0,AUTH_002,,,2026-08-14T07:32:39.182232
619,e2-fail-9fdf3fd5,user_934e0f,workflow.node.auth_fail,d0e2d1df-a245-44f5-92ab-f56d729f2ca7,,kb-tool:kb:read:S2_NOT_REQUESTABLE,,0,0,0.0,0.0,AUTH_002,,,2026-08-14T07:32:39.163411
618,e2-fail-9fdf3fd5,user_934e0f,workflow.run.start,d0e2d1df-a245-44f5-92ab-f56d729f2ca7,,workflow_id=7ddbd63e-86d2-4259-9af8-3c0fa5f487e4,,0,0,0.0,0.0,,,,2026-08-14T07:32:39.061886
617,run-api-e94bd162,admin1,workflow.run.start,8aecf7f0-4b96-4ce6-8ef2-730998e72f39,,workflow_id=a136c76b-5a5e-4634-b824-dd0fd48582c5,,0,0,0.0,0.0,,,,2026-08-14T07:28:27.726123
616,run-auth-56f82977,user_ce3d71,workflow.run.failed,1280e6cc-2b39-4190-bd21-a69f482183e1,,"{'code': <ErrorCode.AUTH_INSUFFICIENT_PERMISSIONS: 'AUTH_002'>, 'message': 'permission_denied', 'needed_perm': 'admin:*', 'capability_id': 'admin-tool', 'gate': 'S2_NOT_REQUESTABLE'}",,0,0,0.0,0.0,AUTH_002,,,2026-08-14T07:28:27.422511
615,run-auth-56f82977,user_ce3d71,workflow.node.auth_fail,1280e6cc-2b39-4190-bd21-a69f482183e1,,admin-tool:admin:*:S2_NOT_REQUESTABLE,,0,0,0.0,0.0,AUTH_002,,,2026-08-14T07:28:27.414613
614,run-auth-56f82977,user_ce3d71,workflow.run.start,1280e6cc-2b39-4190-bd21-a69f482183e1,,workflow_id=20d2a36c-c065-4693-85fc-fe18e3baa2dd,,0,0,0.0,0.0,,,,2026-08-14T07:28:27.396901
613,e2-ag-7b83d287,mgr_becb22,workflow.run.succeeded,d98b4057-00f6-413b-b405-a211fd08bc71,,,,0,0,0.0,0.0,,,,2026-08-14T07:28:27.371638
612,e2-ag-7b83d287,mgr_becb22,workflow.node.succeeded,d98b4057-00f6-413b-b405-a211fd08bc71,,evidence_count=0,,0,0,0.0,0.0,,,,2026-08-14T07:28:27.365220
611,e2-ag-7b83d287,mgr_becb22,workflow.auto_grant,d98b4057-00f6-413b-b405-a211fd08bc71,,kb-tool:kb:read:self_approve,,0,0,0.0,0.0,,,,2026-08-14T07:28:27.356960
610,e2-ag-7b83d287,mgr_becb22,workflow.run.start,d98b4057-00f6-413b-b405-a211fd08bc71,,workflow_id=d6cf38ef-ca07-459a-b2d9-85173f00eb13,,0,0,0.0,0.0,,,,2026-08-14T07:28:27.339724
609,e2-sus-3f5b7175,user_d43e6f,workflow.hang.escalate_no_dept_manager,fb2e244e-a96c-4776-816b-4c3baec07ccb,,escalate_no_dept_manager,,0,0,0.0,0.0,,,,2026-08-14T07:28:27.315703
608,e2-sus-3f5b7175,user_d43e6f,workflow.run.suspended,fb2e244e-a96c-4776-816b-4c3baec07ccb,,kb-tool:kb:read:true,,0,0,0.0,0.0,,,,2026-08-14T07:28:27.310315
607,e2-sus-3f5b7175,user_d43e6f,workflow.run.start,fb2e244e-a96c-4776-816b-4c3baec07ccb,,workflow_id=d1c36a8b-e76d-46f7-a751-5b54e5a4266c,,0,0,0.0,0.0,,,,2026-08-14T07:28:27.291068
606,e2-fail-6a9a559b,user_d86756,workflow.run.failed,56b00e30-5ec4-47d1-b80a-a25da854e078,,"{'code': <ErrorCode.AUTH_INSUFFICIENT_PERMISSIONS: 'AUTH_002'>, 'message': 'permission_denied', 'needed_perm': 'kb:read', 'capability_id': 'kb-tool', 'gate': 'S2_NOT_REQUESTABLE'}",,0,0,0.0,0.0,AUTH_002,,,2026-08-14T07:28:27.271894
605,e2-fail-6a9a559b,user_d86756,workflow.node.auth_fail,56b00e30-5ec4-47d1-b80a-a25da854e078,,kb-tool:kb:read:S2_NOT_REQUESTABLE,,0,0,0.0,0.0,AUTH_002,,,2026-08-14T07:28:27.264133
604,e2-fail-6a9a559b,user_d86756,workflow.run.start,56b00e30-5ec4-47d1-b80a-a25da854e078,,workflow_id=47d7bdf6-c1cb-426f-b3ae-0d74115b5a44,,0,0,0.0,0.0,,,,2026-08-14T07:28:27.246292
603,run-ex-9c8175cc,admin_fe2406,workflow.run.succeeded,e18bccef-1072-4f99-aa87-46cb584a7414,,,,0,0,0.0,0.0,,,,2026-08-14T07:28:27.184922
602,run-ex-9c8175cc,admin_fe2406,workflow.node.succeeded,e18bccef-1072-4f99-aa87-46cb584a7414,,evidence_count=1,,0,0,0.0,0.0,,,,2026-08-14T07:28:27.171895
601,run-ex-9c8175cc,admin_fe2406,workflow.run.start,e18bccef-1072-4f99-aa87-46cb584a7414,,workflow_id=db1e12ef-ff04-4f08-b021-8f80341d84b7,,0,0,0.0,0.0,,,,2026-08-14T07:28:27.154055
600,e2-txn-e6ab09f7,user_ae09ea,workflow.hang.escalate_no_dept_manager,dc6867e7-c704-4b42-91bc-fc416da79f3b,,escalate_no_dept_manager,,0,0,0.0,0.0,,,,2026-08-14T07:28:27.125583
599,e2-txn-e6ab09f7,user_ae09ea,workflow.run.suspended,dc6867e7-c704-4b42-91bc-fc416da79f3b,,tool-x:kb:write:true,,0,0,0.0,0.0,,,,2026-08-14T07:28:27.120750
598,e2-txn-e6ab09f7,user_ae09ea,workflow.run.start,dc6867e7-c704-4b42-91bc-fc416da79f3b,,workflow_id=96e7df85-9e56-41c6-b7a5-209c8d4103f0,,0,0,0.0,0.0,,,,2026-08-14T07:28:27.099011
597,e4-c-ee3decab,user_2a2a44,workflow.hang.escalate_no_dept_manager,8efcb494-1448-444e-9b1e-499a765ff8bd,,escalate_no_dept_manager,,0,0,0.0,0.0,,,,2026-08-14T07:28:27.074302
596,e4-c-ee3decab,user_2a2a44,workflow.run.suspended,8efcb494-1448-444e-9b1e-499a765ff8bd,,kb-b:kb:write:true,,0,0,0.0,0.0,,,,2026-08-14T07:28:27.068796
595,e4-c-ee3decab,user_2a2a44,workflow.node.succeeded,8efcb494-1448-444e-9b1e-499a765ff8bd,,evidence_count=0,,0,0,0.0,0.0,,,,2026-08-14T07:28:27.055732
594,e4-c-ee3decab,user_2a2a44,workflow.hang.escalate_no_dept_manager,8efcb494-1448-444e-9b1e-499a765ff8bd,,escalate_no_dept_manager,,0,0,0.0,0.0,,,,2026-08-14T07:28:27.033549
593,e4-c-ee3decab,user_2a2a44,workflow.run.suspended,8efcb494-1448-444e-9b1e-499a765ff8bd,,kb-a:kb:read:true,,0,0,0.0,0.0,,,,2026-08-14T07:28:27.028507
592,e4-c-ee3decab,user_2a2a44,workflow.run.start,8efcb494-1448-444e-9b1e-499a765ff8bd,,workflow_id=8a402447-c8d3-4ed5-bd4d-f8fdb66f3e94,,0,0,0.0,0.0,,,,2026-08-14T07:28:27.008457
591,e4-r-6ce0af9b,user_6a4244,workflow.run.succeeded,8b36694a-9f4b-4304-9a4e-9a014415a6bc,,,,0,0,0.0,0.0,,,,2026-08-14T07:28:26.983516
590,e4-r-6ce0af9b,user_6a4244,workflow.node.succeeded,8b36694a-9f4b-4304-9a4e-9a014415a6bc,,evidence_count=0,,0,0,0.0,0.0,,,,2026-08-14T07:28:26.973493
589,e4-r-6ce0af9b,user_6a4244,workflow.hang.escalate_no_dept_manager,8b36694a-9f4b-4304-9a4e-9a014415a6bc,,escalate_no_dept_manager,,0,0,0.0,0.0,,,,2026-08-14T07:28:26.914788
588,e4-r-6ce0af9b,user_6a4244,workflow.run.suspended,8b36694a-9f4b-4304-9a4e-9a014415a6bc,,kb-tool:kb:read:true,,0,0,0.0,0.0,,,,2026-08-14T07:28:26.907585
587,e4-r-6ce0af9b,user_6a4244,workflow.run.start,8b36694a-9f4b-4304-9a4e-9a014415a6bc,,workflow_id=28ccd847-3104-4389-8340-262b9bdda917,,0,0,0.0,0.0,,,,2026-08-14T07:28:26.884637
586,default,anonymous,rag.ask,276904c3-452e-4499-968b-8e849a594e7e,cache_hit=0|什么是 nexusai?,[mock:deepseek-v4-flash] 已收到：的智能助手。你正在使用企业知识库来回答用户的问题。  参考知识： （无检索结果）  用户问题：什么是 NexusAI？  请基于上述知识，用专业、准确的语气回答用户。注意： 1. 优先使用知识库中的内容作为依据 2. 用通俗易懂的语言解释专业概念 3. 提供具体可操作的信息 4. 知识库中没有依据时明确说明，不编造 5. 回答简洁并标注来源（如有）  回答：,,0,0,8.5e-06,6.926716072484851,,,,2026-08-14T07:28:26.332750
585,t,system,llm_key_failover,failover-10-11,provider=default from=10 to=11 reason=401,,,0,0,0.0,0.0,401,,,2026-08-14T07:28:26.273644
584,e3-s-4148cce2,u1,workflow.hang.escalate_timeout,8ac087fe-b9b8-4f8f-88b6-f18a679ba484,,escalate_timeout,,0,0,0.0,0.0,,,,2026-08-14T07:28:24.872307
583,e3-t-51305051,u1,workflow.hang.escalate_timeout,ea4c2a22-0a85-4025-83e1-09a7b1899f19,,escalate_timeout,,0,0,0.0,0.0,,,,2026-08-14T07:28:24.848397
582,e3-n-2039ff80,u1,workflow.hang.escalate_no_dept_manager,09b746f3-caf8-439e-bb24-08ca673cc359,,escalate_no_dept_manager,,0,0,0.0,0.0,,,,2026-08-14T07:28:24.833914
581,e5-23d75500,user_4305c8,workflow.run.start,35aec204-2313-4473-9212-8d9bf1a9bcdf,,workflow_id=757354cc-a84e-402e-8672-3a2bcc6d531f,,0,0,0.0,0.0,,,,2026-08-14T07:28:24.716812
580,acme,alice,auth.login,,alice,,,0,0,0.0,0.0,,,,2026-08-14T07:28:23.492598
579,acme,bob,auth.register,,bob,,,0,0,0.0,0.0,,,,2026-08-14T07:28:19.673378
578,acme,alice,auth.register,,alice,,,0,0,0.0,0.0,,,,2026-08-14T07:28:19.426353
577,run-api-eb2bb473,admin1,workflow.run.start,3d414b6a-0381-476b-9585-6b33b784b76f,,workflow_id=5d0ccef7-f5bd-4718-9756-8cdb20449e48,,0,0,0.0,0.0,,,,2026-08-14T04:33:06.996329
576,run-auth-89a16661,user_fb6f26,workflow.run.failed,1726bc64-b640-40a8-a9dc-f841902c2234,,"{'code': <ErrorCode.AUTH_INSUFFICIENT_PERMISSIONS: 'AUTH_002'>, 'message': 'permission_denied', 'needed_perm': 'admin:*', 'capability_id': 'admin-tool', 'gate': 'S2_NOT_REQUESTABLE'}",,0,0,0.0,0.0,AUTH_002,,,2026-08-14T04:33:06.666655
575,run-auth-89a16661,user_fb6f26,workflow.node.auth_fail,1726bc64-b640-40a8-a9dc-f841902c2234,,admin-tool:admin:*:S2_NOT_REQUESTABLE,,0,0,0.0,0.0,AUTH_002,,,2026-08-14T04:33:06.658050
574,run-auth-89a16661,user_fb6f26,workflow.run.start,1726bc64-b640-40a8-a9dc-f841902c2234,,workflow_id=a0421991-0f1f-4582-8b05-cb414cd1e31e,,0,0,0.0,0.0,,,,2026-08-14T04:33:06.637864
573,e2-ag-71a8862f,mgr_19f403,workflow.run.succeeded,800575db-ddc1-47fe-a76b-3191966c3bfd,,,,0,0,0.0,0.0,,,,2026-08-14T04:33:06.603016
572,e2-ag-71a8862f,mgr_19f403,workflow.node.succeeded,800575db-ddc1-47fe-a76b-3191966c3bfd,,evidence_count=0,,0,0,0.0,0.0,,,,2026-08-14T04:33:06.595295
571,e2-ag-71a8862f,mgr_19f403,workflow.auto_grant,800575db-ddc1-47fe-a76b-3191966c3bfd,,kb-tool:kb:read:self_approve,,0,0,0.0,0.0,,,,2026-08-14T04:33:06.587873
570,e2-ag-71a8862f,mgr_19f403,workflow.run.start,800575db-ddc1-47fe-a76b-3191966c3bfd,,workflow_id=bec14b06-17d6-4257-b43c-738b64173ca6,,0,0,0.0,0.0,,,,2026-08-14T04:33:06.564766
569,e2-sus-92fec465,user_b8dcb7,workflow.hang.escalate_no_dept_manager,06cb9c8c-20a7-4285-b00f-844b62b717f7,,escalate_no_dept_manager,,0,0,0.0,0.0,,,,2026-08-14T04:33:06.538366
568,e2-sus-92fec465,user_b8dcb7,workflow.run.suspended,06cb9c8c-20a7-4285-b00f-844b62b717f7,,kb-tool:kb:read:true,,0,0,0.0,0.0,,,,2026-08-14T04:33:06.533107
567,e2-sus-92fec465,user_b8dcb7,workflow.run.start,06cb9c8c-20a7-4285-b00f-844b62b717f7,,workflow_id=dbdbf667-c059-4ec6-a94b-08da4e359356,,0,0,0.0,0.0,,,,2026-08-14T04:33:06.507697
566,e2-fail-3bb71925,user_04551d,workflow.run.failed,22a0b968-d5b0-48f0-9f93-68b6d0d49b47,,"{'code': <ErrorCode.AUTH_INSUFFICIENT_PERMISSIONS: 'AUTH_002'>, 'message': 'permission_denied', 'needed_perm': 'kb:read', 'capability_id': 'kb-tool', 'gate': 'S2_NOT_REQUESTABLE'}",,0,0,0.0,0.0,AUTH_002,,,2026-08-14T04:33:06.483507
565,e2-fail-3bb71925,user_04551d,workflow.node.auth_fail,22a0b968-d5b0-48f0-9f93-68b6d0d49b47,,kb-tool:kb:read:S2_NOT_REQUESTABLE,,0,0,0.0,0.0,AUTH_002,,,2026-08-14T04:33:06.473223
564,e2-fail-3bb71925,user_04551d,workflow.run.start,22a0b968-d5b0-48f0-9f93-68b6d0d49b47,,workflow_id=dc8613b9-fa0b-4f1f-90bb-f49d09a513b1,,0,0,0.0,0.0,,,,2026-08-14T04:33:06.452541
563,run-ex-f4d1214c,admin_2c4750,workflow.run.succeeded,9f3eefe3-a437-4e82-b06b-41f9fca24ba1,,,,0,0,0.0,0.0,,,,2026-08-14T04:33:06.397951
562,run-ex-f4d1214c,admin_2c4750,workflow.node.succeeded,9f3eefe3-a437-4e82-b06b-41f9fca24ba1,,evidence_count=1,,0,0,0.0,0.0,,,,2026-08-14T04:33:06.391522
561,run-ex-f4d1214c,admin_2c4750,workflow.run.start,9f3eefe3-a437-4e82-b06b-41f9fca24ba1,,workflow_id=dc50372b-fff4-443b-8f9e-e64eb1696525,,0,0,0.0,0.0,,,,2026-08-14T04:33:06.372720
560,e2-txn-8463a7fd,user_ccd71b,workflow.hang.escalate_no_dept_manager,ad9aba76-2286-4071-bb18-6763e7e9823c,,escalate_no_dept_manager,,0,0,0.0,0.0,,,,2026-08-14T04:33:06.345153
559,e2-txn-8463a7fd,user_ccd71b,workflow.run.suspended,ad9aba76-2286-4071-bb18-6763e7e9823c,,tool-x:kb:write:true,,0,0,0.0,0.0,,,,2026-08-14T04:33:06.340281
558,e2-txn-8463a7fd,user_ccd71b,workflow.run.start,ad9aba76-2286-4071-bb18-6763e7e9823c,,workflow_id=4293cdfe-177b-4e3a-9ebf-5e8b6761d178,,0,0,0.0,0.0,,,,2026-08-14T04:33:06.318833
557,e4-c-f3bb42ff,user_a8956b,workflow.hang.escalate_no_dept_manager,5e85f3e4-89ac-404f-a739-4a183aae3edd,,escalate_no_dept_manager,,0,0,0.0,0.0,,,,2026-08-14T04:33:06.287778
556,e4-c-f3bb42ff,user_a8956b,workflow.run.suspended,5e85f3e4-89ac-404f-a739-4a183aae3edd,,kb-b:kb:write:true,,0,0,0.0,0.0,,,,2026-08-14T04:33:06.281742
555,e4-c-f3bb42ff,user_a8956b,workflow.node.succeeded,5e85f3e4-89ac-404f-a739-4a183aae3edd,,evidence_count=0,,0,0,0.0,0.0,,,,2026-08-14T04:33:06.262811
554,e4-c-f3bb42ff,user_a8956b,workflow.hang.escalate_no_dept_manager,5e85f3e4-89ac-404f-a739-4a183aae3edd,,escalate_no_dept_manager,,0,0,0.0,0.0,,,,2026-08-14T04:33:06.237478
553,e4-c-f3bb42ff,user_a8956b,workflow.run.suspended,5e85f3e4-89ac-404f-a739-4a183aae3edd,,kb-a:kb:read:true,,0,0,0.0,0.0,,,,2026-08-14T04:33:06.232107
552,e4-c-f3bb42ff,user_a8956b,workflow.run.start,5e85f3e4-89ac-404f-a739-4a183aae3edd,,workflow_id=d396f044-5fb2-405e-b933-c3e01ca68b7f,,0,0,0.0,0.0,,,,2026-08-14T04:33:06.209568
551,e4-r-79e4914a,user_7e4492,workflow.run.succeeded,1c432ca0-96a1-4862-86b3-db2195ef6903,,,,0,0,0.0,0.0,,,,2026-08-14T04:33:06.182561
550,e4-r-79e4914a,user_7e4492,workflow.node.succeeded,1c432ca0-96a1-4862-86b3-db2195ef6903,,evidence_count=0,,0,0,0.0,0.0,,,,2026-08-14T04:33:06.174938
549,e4-r-79e4914a,user_7e4492,workflow.hang.escalate_no_dept_manager,1c432ca0-96a1-4862-86b3-db2195ef6903,,escalate_no_dept_manager,,0,0,0.0,0.0,,,,2026-08-14T04:33:06.131970
548,e4-r-79e4914a,user_7e4492,workflow.run.suspended,1c432ca0-96a1-4862-86b3-db2195ef6903,,kb-tool:kb:read:true,,0,0,0.0,0.0,,,,2026-08-14T04:33:06.126071
547,e4-r-79e4914a,user_7e4492,workflow.run.start,1c432ca0-96a1-4862-86b3-db2195ef6903,,workflow_id=eed3c3e5-fa4a-4106-a5fd-9998288ff775,,0,0,0.0,0.0,,,,2026-08-14T04:33:06.104737
546,default,anonymous,rag.ask,cb9fcb53-6ba2-42a8-9b5d-3a5e4ecbed94,cache_hit=1|什么是 nexusai?,[mock:deepseek-v4-flash] 已收到：的智能助手。你正在使用企业知识库来回答用户的问题。  参考知识： （无检索结果）  用户问题：什么是 NexusAI？  请基于上述知识，用专业、准确的语气回答用户。注意： 1. 优先使用知识库中的内容作为依据 2. 用通俗易懂的语言解释专业概念 3. 提供具体可操作的信息 4. 知识库中没有依据时明确说明，不编造 5. 回答简洁并标注来源（如有）  回答：,,0,0,0.0,2.982317004352808,,,,2026-08-14T04:33:05.529850
545,t,system,llm_key_failover,failover-10-11,provider=default from=10 to=11 reason=401,,,0,0,0.0,0.0,401,,,2026-08-14T04:33:05.468654
544,e3-s-8c50bb05,u1,workflow.hang.escalate_timeout,eecd0444-c36c-4c63-ac20-282c396e1667,,escalate_timeout,,0,0,0.0,0.0,,,,2026-08-14T04:33:04.062273
543,e3-t-cf3047b9,u1,workflow.hang.escalate_timeout,ef2e7b9d-19e4-4884-a67e-f0f5752e6fc3,,escalate_timeout,,0,0,0.0,0.0,,,,2026-08-14T04:33:04.042121
542,e3-n-f7469229,u1,workflow.hang.escalate_no_dept_manager,adfaf6dd-2187-40a7-b3cb-debef7aec81f,,escalate_no_dept_manager,,0,0,0.0,0.0,,,,2026-08-14T04:33:04.026968
541,e5-36b8fd53,user_629ac2,workflow.run.start,22259a80-ff0c-4f5d-bd39-b444550fef96,,workflow_id=064d95bc-722f-42d2-a128-f961bd5f152a,,0,0,0.0,0.0,,,,2026-08-14T04:33:03.914896
540,acme,alice,auth.login,,alice,,,0,0,0.0,0.0,,,,2026-08-14T04:33:02.573905
539,acme,bob,auth.register,,bob,,,0,0,0.0,0.0,,,,2026-08-14T04:32:58.554976
538,acme,alice,auth.register,,alice,,,0,0,0.0,0.0,,,,2026-08-14T04:32:58.310389
537,run-api-50cea2d8,admin1,workflow.run.start,31c5c0f7-6f7f-4cd3-bd17-f5ed7f57377e,,workflow_id=abdd4b9b-81af-453f-b176-e25347b50dda,,0,0,0.0,0.0,,,,2026-08-14T04:32:35.681030
536,run-auth-7e23bc0b,user_02d9f5,workflow.run.failed,e755bc19-e6b0-4e87-9a0e-c3d7424d6918,,"{'code': <ErrorCode.AUTH_INSUFFICIENT_PERMISSIONS: 'AUTH_002'>, 'message': 'permission_denied', 'needed_perm': 'admin:*', 'capability_id': 'admin-tool', 'gate': 'S2_NOT_REQUESTABLE'}",,0,0,0.0,0.0,AUTH_002,,,2026-08-14T04:32:35.373958
535,run-auth-7e23bc0b,user_02d9f5,workflow.node.auth_fail,e755bc19-e6b0-4e87-9a0e-c3d7424d6918,,admin-tool:admin:*:S2_NOT_REQUESTABLE,,0,0,0.0,0.0,AUTH_002,,,2026-08-14T04:32:35.365955
534,run-auth-7e23bc0b,user_02d9f5,workflow.run.start,e755bc19-e6b0-4e87-9a0e-c3d7424d6918,,workflow_id=a8b6d2b9-7362-42f3-918c-32ad126fa711,,0,0,0.0,0.0,,,,2026-08-14T04:32:35.347845
533,e2-ag-e5ca1c76,mgr_adc017,workflow.run.succeeded,25d6b687-27d8-4a39-9be3-b1747d8f8f68,,,,0,0,0.0,0.0,,,,2026-08-14T04:32:35.317647
532,e2-ag-e5ca1c76,mgr_adc017,workflow.node.succeeded,25d6b687-27d8-4a39-9be3-b1747d8f8f68,,evidence_count=0,,0,0,0.0,0.0,,,,2026-08-14T04:32:35.309939
531,e2-ag-e5ca1c76,mgr_adc017,workflow.auto_grant,25d6b687-27d8-4a39-9be3-b1747d8f8f68,,kb-tool:kb:read:self_approve,,0,0,0.0,0.0,,,,2026-08-14T04:32:35.300412
530,e2-ag-e5ca1c76,mgr_adc017,workflow.run.start,25d6b687-27d8-4a39-9be3-b1747d8f8f68,,workflow_id=c02bf2eb-1a2a-4794-9007-e5f5b1eda84a,,0,0,0.0,0.0,,,,2026-08-14T04:32:35.278261
529,e2-sus-9549c22a,user_7e0f9c,workflow.hang.escalate_no_dept_manager,1cc5825f-3fe2-409e-b981-a5c4bb13ca82,,escalate_no_dept_manager,,0,0,0.0,0.0,,,,2026-08-14T04:32:35.254530
528,e2-sus-9549c22a,user_7e0f9c,workflow.run.suspended,1cc5825f-3fe2-409e-b981-a5c4bb13ca82,,kb-tool:kb:read:true,,0,0,0.0,0.0,,,,2026-08-14T04:32:35.249417
527,e2-sus-9549c22a,user_7e0f9c,workflow.run.start,1cc5825f-3fe2-409e-b981-a5c4bb13ca82,,workflow_id=ea24d2ff-b3a3-42df-81a7-914b360e621e,,0,0,0.0,0.0,,,,2026-08-14T04:32:35.227317
526,e2-fail-3b3c6516,user_5c3e83,workflow.run.failed,a7fe484e-ea5a-4b9f-b982-7305d8fdca9c,,"{'code': <ErrorCode.AUTH_INSUFFICIENT_PERMISSIONS: 'AUTH_002'>, 'message': 'permission_denied', 'needed_perm': 'kb:read', 'capability_id': 'kb-tool', 'gate': 'S2_NOT_REQUESTABLE'}",,0,0,0.0,0.0,AUTH_002,,,2026-08-14T04:32:35.198139
525,e2-fail-3b3c6516,user_5c3e83,workflow.node.auth_fail,a7fe484e-ea5a-4b9f-b982-7305d8fdca9c,,kb-tool:kb:read:S2_NOT_REQUESTABLE,,0,0,0.0,0.0,AUTH_002,,,2026-08-14T04:32:35.189728
524,e2-fail-3b3c6516,user_5c3e83,workflow.run.start,a7fe484e-ea5a-4b9f-b982-7305d8fdca9c,,workflow_id=80261405-64e1-44d9-aa92-e77380165de9,,0,0,0.0,0.0,,,,2026-08-14T04:32:35.169945
523,run-ex-73deca9a,admin_7bf1dd,workflow.run.succeeded,6acc5323-d3dc-4fec-b756-728e6837769a,,,,0,0,0.0,0.0,,,,2026-08-14T04:32:35.119481
522,run-ex-73deca9a,admin_7bf1dd,workflow.node.succeeded,6acc5323-d3dc-4fec-b756-728e6837769a,,evidence_count=1,,0,0,0.0,0.0,,,,2026-08-14T04:32:35.113375
521,run-ex-73deca9a,admin_7bf1dd,workflow.run.start,6acc5323-d3dc-4fec-b756-728e6837769a,,workflow_id=2745b5af-3e9a-4f34-b17b-16d5960add80,,0,0,0.0,0.0,,,,2026-08-14T04:32:35.094477
520,e2-txn-27e97039,user_8c8a56,workflow.hang.escalate_no_dept_manager,4b5b96b0-13a8-4a3d-bb7b-9779aca0a2fd,,escalate_no_dept_manager,,0,0,0.0,0.0,,,,2026-08-14T04:32:35.067997
519,e2-txn-27e97039,user_8c8a56,workflow.run.suspended,4b5b96b0-13a8-4a3d-bb7b-9779aca0a2fd,,tool-x:kb:write:true,,0,0,0.0,0.0,,,,2026-08-14T04:32:35.063196
518,e2-txn-27e97039,user_8c8a56,workflow.run.start,4b5b96b0-13a8-4a3d-bb7b-9779aca0a2fd,,workflow_id=c1af6c0e-1001-416d-b090-38a752b67c3a,,0,0,0.0,0.0,,,,2026-08-14T04:32:35.042966
517,e4-c-533e75ef,user_643dc7,workflow.hang.escalate_no_dept_manager,b826e3c9-d1de-4cc0-8219-1a8dcc4798da,,escalate_no_dept_manager,,0,0,0.0,0.0,,,,2026-08-14T04:32:35.014832
516,e4-c-533e75ef,user_643dc7,workflow.run.suspended,b826e3c9-d1de-4cc0-8219-1a8dcc4798da,,kb-b:kb:write:true,,0,0,0.0,0.0,,,,2026-08-14T04:32:35.007996
515,e4-c-533e75ef,user_643dc7,workflow.node.succeeded,b826e3c9-d1de-4cc0-8219-1a8dcc4798da,,evidence_count=0,,0,0,0.0,0.0,,,,2026-08-14T04:32:34.993551
514,e4-c-533e75ef,user_643dc7,workflow.hang.escalate_no_dept_manager,b826e3c9-d1de-4cc0-8219-1a8dcc4798da,,escalate_no_dept_manager,,0,0,0.0,0.0,,,,2026-08-14T04:32:34.970768
513,e4-c-533e75ef,user_643dc7,workflow.run.suspended,b826e3c9-d1de-4cc0-8219-1a8dcc4798da,,kb-a:kb:read:true,,0,0,0.0,0.0,,,,2026-08-14T04:32:34.964263
512,e4-c-533e75ef,user_643dc7,workflow.run.start,b826e3c9-d1de-4cc0-8219-1a8dcc4798da,,workflow_id=b1d34d9b-193e-4812-b63f-e6e6d534b547,,0,0,0.0,0.0,,,,2026-08-14T04:32:34.942661
511,e4-r-a4f96786,user_6a35a8,workflow.run.succeeded,5a8844c3-3719-4b50-b0ff-d8d827e37c74,,,,0,0,0.0,0.0,,,,2026-08-14T04:32:34.916022
510,e4-r-a4f96786,user_6a35a8,workflow.node.succeeded,5a8844c3-3719-4b50-b0ff-d8d827e37c74,,evidence_count=0,,0,0,0.0,0.0,,,,2026-08-14T04:32:34.909199
509,e4-r-a4f96786,user_6a35a8,workflow.hang.escalate_no_dept_manager,5a8844c3-3719-4b50-b0ff-d8d827e37c74,,escalate_no_dept_manager,,0,0,0.0,0.0,,,,2026-08-14T04:32:34.868190
508,e4-r-a4f96786,user_6a35a8,workflow.run.suspended,5a8844c3-3719-4b50-b0ff-d8d827e37c74,,kb-tool:kb:read:true,,0,0,0.0,0.0,,,,2026-08-14T04:32:34.862813
507,e4-r-a4f96786,user_6a35a8,workflow.run.start,5a8844c3-3719-4b50-b0ff-d8d827e37c74,,workflow_id=abc67d80-5335-4cb4-9f17-05ad517c9fc7,,0,0,0.0,0.0,,,,2026-08-14T04:32:34.841080
506,default,anonymous,rag.ask,d23b009d-d77b-4734-bf6a-4ebb6b84100a,cache_hit=1|什么是 nexusai?,[mock:deepseek-v4-flash] 已收到：的智能助手。你正在使用企业知识库来回答用户的问题。  参考知识： （无检索结果）  用户问题：什么是 NexusAI？  请基于上述知识，用专业、准确的语气回答用户。注意： 1. 优先使用知识库中的内容作为依据 2. 用通俗易懂的语言解释专业概念 3. 提供具体可操作的信息 4. 知识库中没有依据时明确说明，不编造 5. 回答简洁并标注来源（如有）  回答：,,0,0,0.0,2.801688155159354,,,,2026-08-14T04:32:34.290323
505,t,system,llm_key_failover,failover-10-11,provider=default from=10 to=11 reason=401,,,0,0,0.0,0.0,401,,,2026-08-14T04:32:34.236550
504,e3-s-1c2ad9f9,u1,workflow.hang.escalate_timeout,42f33d6c-943f-4da7-80b2-4e830fb3dfad,,escalate_timeout,,0,0,0.0,0.0,,,,2026-08-14T04:32:32.830068
503,e3-t-8795a854,u1,workflow.hang.escalate_timeout,cd99e7a2-ba33-482f-8b86-99300dda6937,,escalate_timeout,,0,0,0.0,0.0,,,,2026-08-14T04:32:32.810837
502,e3-n-0b825a1e,u1,workflow.hang.escalate_no_dept_manager,6bc9001f-c145-4456-94d0-661582d0cb55,,escalate_no_dept_manager,,0,0,0.0,0.0,,,,2026-08-14T04:32:32.795674
501,e5-c6d09807,user_5d53d7,workflow.run.start,4e8fdf5c-edaf-475b-8bae-3ab2b9ec4cf3,,workflow_id=489634f4-6620-4ed4-8f51-785c45ef6b49,,0,0,0.0,0.0,,,,2026-08-14T04:32:32.690820
500,acme,alice,auth.login,,alice,,,0,0,0.0,0.0,,,,2026-08-14T04:32:31.462434
499,acme,bob,auth.register,,bob,,,0,0,0.0,0.0,,,,2026-08-14T04:32:27.706167
498,acme,alice,auth.register,,alice,,,0,0,0.0,0.0,,,,2026-08-14T04:32:27.463205
497,e5-3c2c303b,user_4b4b87,workflow.run.start,1e6222c6-ffd7-421d-8466-1b9a85656528,,workflow_id=2cf2a687-3b0f-4ea3-8bdb-8f1f1457cb91,,0,0,0.0,0.0,,,,2026-08-14T04:32:16.985250
496,e4-c-602b0e02,user_a9d4db,workflow.hang.escalate_no_dept_manager,ee4287ac-60e0-41f7-9dfd-57d1740335d1,,escalate_no_dept_manager,,0,0,0.0,0.0,,,,2026-08-14T04:32:16.959138
495,e4-c-602b0e02,user_a9d4db,workflow.run.suspended,ee4287ac-60e0-41f7-9dfd-57d1740335d1,,kb-b:kb:write:true,,0,0,0.0,0.0,,,,2026-08-14T04:32:16.954335
494,e4-c-602b0e02,user_a9d4db,workflow.node.succeeded,ee4287ac-60e0-41f7-9dfd-57d1740335d1,,evidence_count=0,,0,0,0.0,0.0,,,,2026-08-14T04:32:16.941206
493,e4-c-602b0e02,user_a9d4db,workflow.hang.escalate_no_dept_manager,ee4287ac-60e0-41f7-9dfd-57d1740335d1,,escalate_no_dept_manager,,0,0,0.0,0.0,,,,2026-08-14T04:32:16.918544
492,e4-c-602b0e02,user_a9d4db,workflow.run.suspended,ee4287ac-60e0-41f7-9dfd-57d1740335d1,,kb-a:kb:read:true,,0,0,0.0,0.0,,,,2026-08-14T04:32:16.913733
491,e4-c-602b0e02,user_a9d4db,workflow.run.start,ee4287ac-60e0-41f7-9dfd-57d1740335d1,,workflow_id=6860ccb3-8aeb-4db2-9e2b-40db019e7628,,0,0,0.0,0.0,,,,2026-08-14T04:32:16.888452
490,e4-r-0c4fe3f0,user_7c1b77,workflow.run.succeeded,73f86594-2850-4ac6-baa6-da95c9108c79,,,,0,0,0.0,0.0,,,,2026-08-14T04:32:16.862639
489,e4-r-0c4fe3f0,user_7c1b77,workflow.node.succeeded,73f86594-2850-4ac6-baa6-da95c9108c79,,evidence_count=0,,0,0,0.0,0.0,,,,2026-08-14T04:32:16.856091
488,e4-r-0c4fe3f0,user_7c1b77,workflow.hang.escalate_no_dept_manager,73f86594-2850-4ac6-baa6-da95c9108c79,,escalate_no_dept_manager,,0,0,0.0,0.0,,,,2026-08-14T04:32:16.811559
487,e4-r-0c4fe3f0,user_7c1b77,workflow.run.suspended,73f86594-2850-4ac6-baa6-da95c9108c79,,kb-tool:kb:read:true,,0,0,0.0,0.0,,,,2026-08-14T04:32:16.804604
486,e4-r-0c4fe3f0,user_7c1b77,workflow.run.start,73f86594-2850-4ac6-baa6-da95c9108c79,,workflow_id=5f7add3e-0ab6-476d-9810-010c8b046ea5,,0,0,0.0,0.0,,,,2026-08-14T04:32:16.757297
485,run-api-8135c06e,admin1,workflow.run.start,dfa75625-13ee-4c5a-ac39-195c832fe51c,,workflow_id=7d92b495-1a92-4967-8449-a455c1b5331b,,0,0,0.0,0.0,,,,2026-08-14T04:31:36.824544
484,run-auth-669d4e0e,user_9f4a36,workflow.run.failed,64670488-8553-40b8-ad72-6afde0442d6e,,"{'code': <ErrorCode.AUTH_INSUFFICIENT_PERMISSIONS: 'AUTH_002'>, 'message': 'permission_denied', 'needed_perm': 'admin:*', 'capability_id': 'admin-tool', 'gate': 'S2_NOT_REQUESTABLE'}",,0,0,0.0,0.0,AUTH_002,,,2026-08-14T04:31:36.526912
483,run-auth-669d4e0e,user_9f4a36,workflow.node.auth_fail,64670488-8553-40b8-ad72-6afde0442d6e,,admin-tool:admin:*:S2_NOT_REQUESTABLE,,0,0,0.0,0.0,AUTH_002,,,2026-08-14T04:31:36.519761
482,run-auth-669d4e0e,user_9f4a36,workflow.run.start,64670488-8553-40b8-ad72-6afde0442d6e,,workflow_id=d778dd9f-df88-4307-8ade-44db5b2c8c7c,,0,0,0.0,0.0,,,,2026-08-14T04:31:36.500243
481,e2-ag-c94c689c,mgr_357cf7,workflow.run.succeeded,0f40ad0a-0b6c-40fd-b582-2df92d4c9935,,,,0,0,0.0,0.0,,,,2026-08-14T04:31:36.478153
480,e2-ag-c94c689c,mgr_357cf7,workflow.node.succeeded,0f40ad0a-0b6c-40fd-b582-2df92d4c9935,,evidence_count=0,,0,0,0.0,0.0,,,,2026-08-14T04:31:36.472325
479,e2-ag-c94c689c,mgr_357cf7,workflow.auto_grant,0f40ad0a-0b6c-40fd-b582-2df92d4c9935,,kb-tool:kb:read:self_approve,,0,0,0.0,0.0,,,,2026-08-14T04:31:36.466162
478,e2-ag-c94c689c,mgr_357cf7,workflow.run.start,0f40ad0a-0b6c-40fd-b582-2df92d4c9935,,workflow_id=72495b44-c393-46ec-a35a-f566e3f84b5d,,0,0,0.0,0.0,,,,2026-08-14T04:31:36.448992
477,e2-sus-3396b1c5,user_cbe75f,workflow.hang.escalate_no_dept_manager,88867745-8921-4e00-ab82-99c9886f92e8,,escalate_no_dept_manager,,0,0,0.0,0.0,,,,2026-08-14T04:31:36.426554
476,e2-sus-3396b1c5,user_cbe75f,workflow.run.suspended,88867745-8921-4e00-ab82-99c9886f92e8,,kb-tool:kb:read:true,,0,0,0.0,0.0,,,,2026-08-14T04:31:36.419306
475,e2-sus-3396b1c5,user_cbe75f,workflow.run.start,88867745-8921-4e00-ab82-99c9886f92e8,,workflow_id=8ff1ef39-2687-4c4e-9053-5d1b12c95e9d,,0,0,0.0,0.0,,,,2026-08-14T04:31:36.396403
474,e2-fail-f6c12dfe,user_730fff,workflow.run.failed,7df2ad54-00c9-4423-841a-b1d4807c4026,,"{'code': <ErrorCode.AUTH_INSUFFICIENT_PERMISSIONS: 'AUTH_002'>, 'message': 'permission_denied', 'needed_perm': 'kb:read', 'capability_id': 'kb-tool', 'gate': 'S2_NOT_REQUESTABLE'}",,0,0,0.0,0.0,AUTH_002,,,2026-08-14T04:31:36.376650
473,e2-fail-f6c12dfe,user_730fff,workflow.node.auth_fail,7df2ad54-00c9-4423-841a-b1d4807c4026,,kb-tool:kb:read:S2_NOT_REQUESTABLE,,0,0,0.0,0.0,AUTH_002,,,2026-08-14T04:31:36.368687
472,e2-fail-f6c12dfe,user_730fff,workflow.run.start,7df2ad54-00c9-4423-841a-b1d4807c4026,,workflow_id=8822c8c4-0efe-4331-a777-c00eef5eac16,,0,0,0.0,0.0,,,,2026-08-14T04:31:36.350115
471,run-ex-7e57c4d9,admin_5a4688,workflow.run.succeeded,4ce7c126-de5e-4086-b5b6-0d0c5f64d009,,,,0,0,0.0,0.0,,,,2026-08-14T04:31:36.306576
470,run-ex-7e57c4d9,admin_5a4688,workflow.node.succeeded,4ce7c126-de5e-4086-b5b6-0d0c5f64d009,,evidence_count=1,,0,0,0.0,0.0,,,,2026-08-14T04:31:36.299672
469,run-ex-7e57c4d9,admin_5a4688,workflow.run.start,4ce7c126-de5e-4086-b5b6-0d0c5f64d009,,workflow_id=fb3a744c-c060-4cb1-b411-73e87843bf57,,0,0,0.0,0.0,,,,2026-08-14T04:31:36.281649
468,e2-txn-33bfd3da,user_3d847c,workflow.hang.escalate_no_dept_manager,89e294a9-7307-42bd-91bd-a90720972628,,escalate_no_dept_manager,,0,0,0.0,0.0,,,,2026-08-14T04:31:36.258938
467,e2-txn-33bfd3da,user_3d847c,workflow.run.suspended,89e294a9-7307-42bd-91bd-a90720972628,,tool-x:kb:write:true,,0,0,0.0,0.0,,,,2026-08-14T04:31:36.254329
466,e2-txn-33bfd3da,user_3d847c,workflow.run.start,89e294a9-7307-42bd-91bd-a90720972628,,workflow_id=241b1087-e4c0-46ea-89ec-4ae2f8adddd7,,0,0,0.0,0.0,,,,2026-08-14T04:31:36.235316
465,e4-c-c66d34de,user_06f445,workflow.hang.escalate_no_dept_manager,e30cb074-eac4-44d2-9322-d3ee46740430,,escalate_no_dept_manager,,0,0,0.0,0.0,,,,2026-08-14T04:31:36.210644
464,e4-c-c66d34de,user_06f445,workflow.run.suspended,e30cb074-eac4-44d2-9322-d3ee46740430,,kb-b:kb:write:true,,0,0,0.0,0.0,,,,2026-08-14T04:31:36.205886
463,e4-c-c66d34de,user_06f445,workflow.node.succeeded,e30cb074-eac4-44d2-9322-d3ee46740430,,evidence_count=0,,0,0,0.0,0.0,,,,2026-08-14T04:31:36.187446
462,e4-c-c66d34de,user_06f445,workflow.hang.escalate_no_dept_manager,e30cb074-eac4-44d2-9322-d3ee46740430,,escalate_no_dept_manager,,0,0,0.0,0.0,,,,2026-08-14T04:31:36.164383
461,e4-c-c66d34de,user_06f445,workflow.run.suspended,e30cb074-eac4-44d2-9322-d3ee46740430,,kb-a:kb:read:true,,0,0,0.0,0.0,,,,2026-08-14T04:31:36.159717
460,e4-c-c66d34de,user_06f445,workflow.run.start,e30cb074-eac4-44d2-9322-d3ee46740430,,workflow_id=b7857227-4012-4fe7-be9b-036aad64c023,,0,0,0.0,0.0,,,,2026-08-14T04:31:36.140694
459,e4-r-54c45ff6,user_f680c5,workflow.run.succeeded,3ef83a7c-2391-4118-8243-7c9a96d18871,,,,0,0,0.0,0.0,,,,2026-08-14T04:31:36.119657
458,e4-r-54c45ff6,user_f680c5,workflow.node.succeeded,3ef83a7c-2391-4118-8243-7c9a96d18871,,evidence_count=0,,0,0,0.0,0.0,,,,2026-08-14T04:31:36.113426
457,e4-r-54c45ff6,user_f680c5,workflow.hang.escalate_no_dept_manager,3ef83a7c-2391-4118-8243-7c9a96d18871,,escalate_no_dept_manager,,0,0,0.0,0.0,,,,2026-08-14T04:31:36.074997
456,e4-r-54c45ff6,user_f680c5,workflow.run.suspended,3ef83a7c-2391-4118-8243-7c9a96d18871,,kb-tool:kb:read:true,,0,0,0.0,0.0,,,,2026-08-14T04:31:36.069997
455,e4-r-54c45ff6,user_f680c5,workflow.run.start,3ef83a7c-2391-4118-8243-7c9a96d18871,,workflow_id=e6b99587-acea-4a50-912a-650a3b68256d,,0,0,0.0,0.0,,,,2026-08-14T04:31:36.051401
454,default,anonymous,rag.ask,d4d36315-7e42-4eee-bf98-7a3bbbc671b7,cache_hit=1|什么是 nexusai?,[mock:deepseek-v4-flash] 已收到：的智能助手。你正在使用企业知识库来回答用户的问题。  参考知识： （无检索结果）  用户问题：什么是 NexusAI？  请基于上述知识，用专业、准确的语气回答用户。注意： 1. 优先使用知识库中的内容作为依据 2. 用通俗易懂的语言解释专业概念 3. 提供具体可操作的信息 4. 知识库中没有依据时明确说明，不编造 5. 回答简洁并标注来源（如有）  回答：,,0,0,0.0,2.85792606882751,,,,2026-08-14T04:31:35.506087
453,t,system,llm_key_failover,failover-10-11,provider=default from=10 to=11 reason=401,,,0,0,0.0,0.0,401,,,2026-08-14T04:31:35.453633
452,e3-s-2fc661b5,u1,workflow.hang.escalate_timeout,92a92abd-5c54-43b7-93ab-e5395e8515f0,,escalate_timeout,,0,0,0.0,0.0,,,,2026-08-14T04:31:34.051916
451,e3-t-3021e9c0,u1,workflow.hang.escalate_timeout,5fef7448-8295-483b-9cab-b8027aca8c81,,escalate_timeout,,0,0,0.0,0.0,,,,2026-08-14T04:31:34.032696
450,e3-n-d6c8e415,u1,workflow.hang.escalate_no_dept_manager,7113a5a5-a1be-4b4d-b442-b0a8308bf733,,escalate_no_dept_manager,,0,0,0.0,0.0,,,,2026-08-14T04:31:34.018855
449,e5-e44840d6,user_820900,workflow.run.start,05d56726-1456-47f5-a9f9-96b59cd7da60,,workflow_id=088f1130-376d-44c7-96ba-6dd1e4f4197f,,0,0,0.0,0.0,,,,2026-08-14T04:31:33.919771
448,acme,alice,auth.login,,alice,,,0,0,0.0,0.0,,,,2026-08-14T04:31:32.708871
447,acme,bob,auth.register,,bob,,,0,0,0.0,0.0,,,,2026-08-14T04:31:28.970302
446,acme,alice,auth.register,,alice,,,0,0,0.0,0.0,,,,2026-08-14T04:31:28.728247
445,e2-txn-abd953be,user_ea504c,workflow.hang.escalate_no_dept_manager,fb1a1ff0-7d31-450a-898f-cc2fe1175ddf,,escalate_no_dept_manager,,0,0,0.0,0.0,,,,2026-08-14T04:30:56.900820
444,e2-txn-abd953be,user_ea504c,workflow.run.suspended,fb1a1ff0-7d31-450a-898f-cc2fe1175ddf,,tool-x:kb:write:true,,0,0,0.0,0.0,,,,2026-08-14T04:30:56.896030
443,e2-txn-abd953be,user_ea504c,workflow.run.start,fb1a1ff0-7d31-450a-898f-cc2fe1175ddf,,workflow_id=3cc515bf-a0ca-4ddf-b51d-a3f2d66dd23c,,0,0,0.0,0.0,,,,2026-08-14T04:30:56.876580
442,e2-ag-7e4eb973,mgr_214d36,workflow.run.succeeded,164aaf9f-54c1-4d4f-bd71-4e0b59635977,,,,0,0,0.0,0.0,,,,2026-08-14T04:30:56.854268
441,e2-ag-7e4eb973,mgr_214d36,workflow.node.succeeded,164aaf9f-54c1-4d4f-bd71-4e0b59635977,,evidence_count=0,,0,0,0.0,0.0,,,,2026-08-14T04:30:56.848853
440,e2-ag-7e4eb973,mgr_214d36,workflow.auto_grant,164aaf9f-54c1-4d4f-bd71-4e0b59635977,,kb-tool:kb:read:self_approve,,0,0,0.0,0.0,,,,2026-08-14T04:30:56.842819
439,e2-ag-7e4eb973,mgr_214d36,workflow.run.start,164aaf9f-54c1-4d4f-bd71-4e0b59635977,,workflow_id=08fc7e79-1d63-48c4-aab6-a4d2ed7105df,,0,0,0.0,0.0,,,,2026-08-14T04:30:56.824294
438,e2-sus-c736ff96,user_a2e091,workflow.hang.escalate_no_dept_manager,c20c71d7-6145-43d7-87f9-adea3307f6f6,,escalate_no_dept_manager,,0,0,0.0,0.0,,,,2026-08-14T04:30:56.801258
437,e2-sus-c736ff96,user_a2e091,workflow.run.suspended,c20c71d7-6145-43d7-87f9-adea3307f6f6,,kb-tool:kb:read:true,,0,0,0.0,0.0,,,,2026-08-14T04:30:56.796096
436,e2-sus-c736ff96,user_a2e091,workflow.run.start,c20c71d7-6145-43d7-87f9-adea3307f6f6,,workflow_id=1da4f238-7de2-474b-b4fe-4c39df82c023,,0,0,0.0,0.0,,,,2026-08-14T04:30:56.777099
435,e2-fail-77701ec9,user_e18d7a,workflow.run.failed,8e5f185d-6af2-47fd-996f-2fa890180916,,"{'code': <ErrorCode.AUTH_INSUFFICIENT_PERMISSIONS: 'AUTH_002'>, 'message': 'permission_denied', 'needed_perm': 'kb:read', 'capability_id': 'kb-tool', 'gate': 'S2_NOT_REQUESTABLE'}",,0,0,0.0,0.0,AUTH_002,,,2026-08-14T04:30:56.757372
434,e2-fail-77701ec9,user_e18d7a,workflow.node.auth_fail,8e5f185d-6af2-47fd-996f-2fa890180916,,kb-tool:kb:read:S2_NOT_REQUESTABLE,,0,0,0.0,0.0,AUTH_002,,,2026-08-14T04:30:56.747817
433,e2-fail-77701ec9,user_e18d7a,workflow.run.start,8e5f185d-6af2-47fd-996f-2fa890180916,,workflow_id=cf2626fc-5149-4cd7-ac5b-a7359e8ffdc0,,0,0,0.0,0.0,,,,2026-08-14T04:30:56.729483
432,e5-9e5d65a0,user_a48755,workflow.run.start,92c51038-02a5-4fc9-88e2-6f2a0870bc08,,workflow_id=9cf21c0c-a6c5-4216-8205-bd5e3c801da0,,0,0,0.0,0.0,,,,2026-08-14T04:30:56.652224
431,e4-c-c07c435a,user_fe43b4,workflow.hang.escalate_no_dept_manager,ccc47588-bd6a-4742-acc2-e3663777faeb,,escalate_no_dept_manager,,0,0,0.0,0.0,,,,2026-08-14T04:30:56.628456
430,e4-c-c07c435a,user_fe43b4,workflow.run.suspended,ccc47588-bd6a-4742-acc2-e3663777faeb,,kb-b:kb:write:true,,0,0,0.0,0.0,,,,2026-08-14T04:30:56.623421
429,e4-c-c07c435a,user_fe43b4,workflow.node.succeeded,ccc47588-bd6a-4742-acc2-e3663777faeb,,evidence_count=0,,0,0,0.0,0.0,,,,2026-08-14T04:30:56.611046
428,e4-c-c07c435a,user_fe43b4,workflow.hang.escalate_no_dept_manager,ccc47588-bd6a-4742-acc2-e3663777faeb,,escalate_no_dept_manager,,0,0,0.0,0.0,,,,2026-08-14T04:30:56.589723
427,e4-c-c07c435a,user_fe43b4,workflow.run.suspended,ccc47588-bd6a-4742-acc2-e3663777faeb,,kb-a:kb:read:true,,0,0,0.0,0.0,,,,2026-08-14T04:30:56.585057
426,e4-c-c07c435a,user_fe43b4,workflow.run.start,ccc47588-bd6a-4742-acc2-e3663777faeb,,workflow_id=ff6ff6ac-f6ed-44a4-b63f-bc7111d0c1f3,,0,0,0.0,0.0,,,,2026-08-14T04:30:56.565626
425,e4-r-2e90666b,user_255758,workflow.run.succeeded,e810c60e-f516-40b4-9efe-1a7acac5ccbc,,,,0,0,0.0,0.0,,,,2026-08-14T04:30:56.536311
424,e4-r-2e90666b,user_255758,workflow.node.succeeded,e810c60e-f516-40b4-9efe-1a7acac5ccbc,,evidence_count=0,,0,0,0.0,0.0,,,,2026-08-14T04:30:56.529379
423,e4-r-2e90666b,user_255758,workflow.hang.escalate_no_dept_manager,e810c60e-f516-40b4-9efe-1a7acac5ccbc,,escalate_no_dept_manager,,0,0,0.0,0.0,,,,2026-08-14T04:30:56.488941
422,e4-r-2e90666b,user_255758,workflow.run.suspended,e810c60e-f516-40b4-9efe-1a7acac5ccbc,,kb-tool:kb:read:true,,0,0,0.0,0.0,,,,2026-08-14T04:30:56.482840
421,e4-r-2e90666b,user_255758,workflow.run.start,e810c60e-f516-40b4-9efe-1a7acac5ccbc,,workflow_id=8118b7e6-f691-468a-9fbb-2e53155c3360,,0,0,0.0,0.0,,,,2026-08-14T04:30:56.441487
420,e2-txn-a5892b5f,user_68e4e7,workflow.hang.escalate_no_dept_manager,74f47918-2483-41cd-ab51-dbf980cb68ad,,escalate_no_dept_manager,,0,0,0.0,0.0,,,,2026-08-14T04:30:41.032568
419,e2-txn-a5892b5f,user_68e4e7,workflow.run.suspended,74f47918-2483-41cd-ab51-dbf980cb68ad,,tool-x:kb:write:true,,0,0,0.0,0.0,,,,2026-08-14T04:30:41.027611
418,e2-txn-a5892b5f,user_68e4e7,workflow.run.start,74f47918-2483-41cd-ab51-dbf980cb68ad,,workflow_id=eb046970-bcbc-4632-9d44-bd57963c5906,,0,0,0.0,0.0,,,,2026-08-14T04:30:41.008871
417,e2-ag-04ac6319,mgr_3bf424,workflow.run.succeeded,ad85c955-72b7-4212-9454-56b9787ecd3a,,,,0,0,0.0,0.0,,,,2026-08-14T04:30:40.984936
416,e2-ag-04ac6319,mgr_3bf424,workflow.node.succeeded,ad85c955-72b7-4212-9454-56b9787ecd3a,,evidence_count=0,,0,0,0.0,0.0,,,,2026-08-14T04:30:40.978837
415,e2-ag-04ac6319,mgr_3bf424,workflow.auto_grant,ad85c955-72b7-4212-9454-56b9787ecd3a,,kb-tool:kb:read:self_approve,,0,0,0.0,0.0,,,,2026-08-14T04:30:40.971194
414,e2-ag-04ac6319,mgr_3bf424,workflow.run.start,ad85c955-72b7-4212-9454-56b9787ecd3a,,workflow_id=114371e2-ecfb-45e5-b7d7-6eba0738828c,,0,0,0.0,0.0,,,,2026-08-14T04:30:40.951590
413,e2-sus-9a1be877,user_52b770,workflow.hang.escalate_no_dept_manager,ef1f10e5-b93a-42a0-aaa0-465aeaa9ef74,,escalate_no_dept_manager,,0,0,0.0,0.0,,,,2026-08-14T04:30:40.929437
412,e2-sus-9a1be877,user_52b770,workflow.run.suspended,ef1f10e5-b93a-42a0-aaa0-465aeaa9ef74,,kb-tool:kb:read:true,,0,0,0.0,0.0,,,,2026-08-14T04:30:40.924827
411,e2-sus-9a1be877,user_52b770,workflow.run.start,ef1f10e5-b93a-42a0-aaa0-465aeaa9ef74,,workflow_id=060a6e22-2614-439c-bcc5-14a02a3ccfb8,,0,0,0.0,0.0,,,,2026-08-14T04:30:40.905613
410,e2-fail-8dfcf6df,user_9b5159,workflow.run.failed,fac29601-6f7d-47ad-98ce-d1dd5a48d96f,,"{'code': <ErrorCode.AUTH_INSUFFICIENT_PERMISSIONS: 'AUTH_002'>, 'message': 'permission_denied', 'needed_perm': 'kb:read', 'capability_id': 'kb-tool', 'gate': 'S2_NOT_REQUESTABLE'}",,0,0,0.0,0.0,AUTH_002,,,2026-08-14T04:30:40.886182
409,e2-fail-8dfcf6df,user_9b5159,workflow.node.auth_fail,fac29601-6f7d-47ad-98ce-d1dd5a48d96f,,kb-tool:kb:read:S2_NOT_REQUESTABLE,,0,0,0.0,0.0,AUTH_002,,,2026-08-14T04:30:40.878141
408,e2-fail-8dfcf6df,user_9b5159,workflow.run.start,fac29601-6f7d-47ad-98ce-d1dd5a48d96f,,workflow_id=85a2a3a5-a5e4-49e0-a44c-bbfdff38d026,,0,0,0.0,0.0,,,,2026-08-14T04:30:40.859191
407,e5-b1ee49df,user_d4b12d,workflow.run.start,aec6486f-2a2b-4d92-b5ba-4f0cb19a2e53,,workflow_id=b7be8110-6bd2-4471-b7d4-0a0601ef20da,,0,0,0.0,0.0,,,,2026-08-14T04:30:40.780021
406,e4-c-11209f0c,user_6fbeba,workflow.hang.escalate_no_dept_manager,08612a6e-d7b3-4164-ac2b-7ad0e7307343,,escalate_no_dept_manager,,0,0,0.0,0.0,,,,2026-08-14T04:30:40.753901
405,e4-c-11209f0c,user_6fbeba,workflow.run.suspended,08612a6e-d7b3-4164-ac2b-7ad0e7307343,,kb-b:kb:write:true,,0,0,0.0,0.0,,,,2026-08-14T04:30:40.748892
404,e4-c-11209f0c,user_6fbeba,workflow.node.succeeded,08612a6e-d7b3-4164-ac2b-7ad0e7307343,,evidence_count=0,,0,0,0.0,0.0,,,,2026-08-14T04:30:40.734370
403,e4-c-11209f0c,user_6fbeba,workflow.hang.escalate_no_dept_manager,08612a6e-d7b3-4164-ac2b-7ad0e7307343,,escalate_no_dept_manager,,0,0,0.0,0.0,,,,2026-08-14T04:30:40.712201
402,e4-c-11209f0c,user_6fbeba,workflow.run.suspended,08612a6e-d7b3-4164-ac2b-7ad0e7307343,,kb-a:kb:read:true,,0,0,0.0,0.0,,,,2026-08-14T04:30:40.707596
401,e4-c-11209f0c,user_6fbeba,workflow.run.start,08612a6e-d7b3-4164-ac2b-7ad0e7307343,,workflow_id=a232aaa5-7607-44ab-aadf-9989a57c9799,,0,0,0.0,0.0,,,,2026-08-14T04:30:40.687492
400,e4-r-0f6343dc,user_eb1345,workflow.run.succeeded,308142f6-4e09-4550-b36f-f2e04e981452,,,,0,0,0.0,0.0,,,,2026-08-14T04:30:40.662110
399,e4-r-0f6343dc,user_eb1345,workflow.node.succeeded,308142f6-4e09-4550-b36f-f2e04e981452,,evidence_count=0,,0,0,0.0,0.0,,,,2026-08-14T04:30:40.655746
398,e4-r-0f6343dc,user_eb1345,workflow.hang.escalate_no_dept_manager,308142f6-4e09-4550-b36f-f2e04e981452,,escalate_no_dept_manager,,0,0,0.0,0.0,,,,2026-08-14T04:30:40.617523
397,e4-r-0f6343dc,user_eb1345,workflow.run.suspended,308142f6-4e09-4550-b36f-f2e04e981452,,kb-tool:kb:read:true,,0,0,0.0,0.0,,,,2026-08-14T04:30:40.611433
396,e4-r-0f6343dc,user_eb1345,workflow.run.start,308142f6-4e09-4550-b36f-f2e04e981452,,workflow_id=86f83df2-40eb-4803-b01a-5a23c5ebf63d,,0,0,0.0,0.0,,,,2026-08-14T04:30:40.565469
395,run-api-608edfd4,admin1,workflow.run.start,fe29f824-b11a-4d71-9f96-d8c40e47a7b2,,workflow_id=46974630-480b-4498-8bc6-9ebe193dd472,,0,0,0.0,0.0,,,,2026-08-14T04:24:09.076325
394,run-auth-cc4b84e7,user_580038,workflow.run.failed,a17c6511-3192-4edd-bda8-c5354afbb677,,"{'code': <ErrorCode.AUTH_INSUFFICIENT_PERMISSIONS: 'AUTH_002'>, 'message': 'permission_denied', 'needed_perm': 'admin:*', 'capability_id': 'admin-tool', 'gate': 'S2_NOT_REQUESTABLE'}",,0,0,0.0,0.0,AUTH_002,,,2026-08-14T04:24:08.743595
393,run-auth-cc4b84e7,user_580038,workflow.node.auth_fail,a17c6511-3192-4edd-bda8-c5354afbb677,,admin-tool:admin:*:S2_NOT_REQUESTABLE,,0,0,0.0,0.0,AUTH_002,,,2026-08-14T04:24:08.734871
392,run-auth-cc4b84e7,user_580038,workflow.run.start,a17c6511-3192-4edd-bda8-c5354afbb677,,workflow_id=f61b7e20-b709-488b-aa21-ec4a8853c699,,0,0,0.0,0.0,,,,2026-08-14T04:24:08.715196
391,e2-ag-fff37b77,mgr_5fbebb,workflow.run.succeeded,9f149aff-73c9-4d9b-905a-80081b7bb610,,,,0,0,0.0,0.0,,,,2026-08-14T04:24:08.687720
390,e2-ag-fff37b77,mgr_5fbebb,workflow.node.succeeded,9f149aff-73c9-4d9b-905a-80081b7bb610,,evidence_count=0,,0,0,0.0,0.0,,,,2026-08-14T04:24:08.680651
389,e2-ag-fff37b77,mgr_5fbebb,workflow.auto_grant,9f149aff-73c9-4d9b-905a-80081b7bb610,,kb-tool:kb:read:self_approve,,0,0,0.0,0.0,,,,2026-08-14T04:24:08.672925
388,e2-ag-fff37b77,mgr_5fbebb,workflow.run.start,9f149aff-73c9-4d9b-905a-80081b7bb610,,workflow_id=386c9032-3fe2-4efe-8a0f-397d8e494bfe,,0,0,0.0,0.0,,,,2026-08-14T04:24:08.651597
387,e2-sus-7917614e,user_a4000a,workflow.hang.escalate_no_dept_manager,17202714-5746-4366-bbef-e9ddeddb1bd0,,escalate_no_dept_manager,,0,0,0.0,0.0,,,,2026-08-14T04:24:08.624721
386,e2-sus-7917614e,user_a4000a,workflow.run.suspended,17202714-5746-4366-bbef-e9ddeddb1bd0,,kb-tool:kb:read:true,,0,0,0.0,0.0,,,,2026-08-14T04:24:08.619499
385,e2-sus-7917614e,user_a4000a,workflow.run.start,17202714-5746-4366-bbef-e9ddeddb1bd0,,workflow_id=9345a3c6-097e-4fe9-afb4-d538076364a6,,0,0,0.0,0.0,,,,2026-08-14T04:24:08.595385
384,e2-fail-20349d49,user_aeec88,workflow.run.failed,c8d485c8-485d-4d87-9af5-a9e491686386,,"{'code': <ErrorCode.AUTH_INSUFFICIENT_PERMISSIONS: 'AUTH_002'>, 'message': 'permission_denied', 'needed_perm': 'kb:read', 'capability_id': 'kb-tool', 'gate': 'S2_NOT_REQUESTABLE'}",,0,0,0.0,0.0,AUTH_002,,,2026-08-14T04:24:08.572016
383,e2-fail-20349d49,user_aeec88,workflow.node.auth_fail,c8d485c8-485d-4d87-9af5-a9e491686386,,kb-tool:kb:read:S2_NOT_REQUESTABLE,,0,0,0.0,0.0,AUTH_002,,,2026-08-14T04:24:08.561351
382,e2-fail-20349d49,user_aeec88,workflow.run.start,c8d485c8-485d-4d87-9af5-a9e491686386,,workflow_id=4d6096e7-fd8c-4af4-9320-f4a7068c6742,,0,0,0.0,0.0,,,,2026-08-14T04:24:08.527483
381,run-ex-6c3abab2,admin_44c6b8,workflow.run.succeeded,4f74c8b6-56ad-49a5-bc40-0e76a617cbdd,,,,0,0,0.0,0.0,,,,2026-08-14T04:24:08.472311
380,run-ex-6c3abab2,admin_44c6b8,workflow.node.succeeded,4f74c8b6-56ad-49a5-bc40-0e76a617cbdd,,evidence_count=1,,0,0,0.0,0.0,,,,2026-08-14T04:24:08.465956
379,run-ex-6c3abab2,admin_44c6b8,workflow.run.start,4f74c8b6-56ad-49a5-bc40-0e76a617cbdd,,workflow_id=c4d024c6-bd9a-4ad2-a7bf-53d74a6924e7,,0,0,0.0,0.0,,,,2026-08-14T04:24:08.443556
378,e2-txn-22414b9a,user_eced32,workflow.hang.escalate_no_dept_manager,cdb5fb1c-2b83-4ef6-a302-c72056f33e42,,escalate_no_dept_manager,,0,0,0.0,0.0,,,,2026-08-14T04:24:08.417426
377,e2-txn-22414b9a,user_eced32,workflow.run.suspended,cdb5fb1c-2b83-4ef6-a302-c72056f33e42,,tool-x:kb:write:true,,0,0,0.0,0.0,,,,2026-08-14T04:24:08.411426
376,e2-txn-22414b9a,user_eced32,workflow.run.start,cdb5fb1c-2b83-4ef6-a302-c72056f33e42,,workflow_id=54db7c26-3195-4beb-a3f3-5b6dfb9b5cd2,,0,0,0.0,0.0,,,,2026-08-14T04:24:08.388284
375,e4-c-09416104,user_2c74ad,workflow.hang.escalate_no_dept_manager,034bdcdb-93f3-4794-8135-b70967bb7550,,escalate_no_dept_manager,,0,0,0.0,0.0,,,,2026-08-14T04:24:08.359248
374,e4-c-09416104,user_2c74ad,workflow.run.suspended,034bdcdb-93f3-4794-8135-b70967bb7550,,kb-b:kb:write:true,,0,0,0.0,0.0,,,,2026-08-14T04:24:08.354211
373,e4-c-09416104,user_2c74ad,workflow.node.succeeded,034bdcdb-93f3-4794-8135-b70967bb7550,,evidence_count=0,,0,0,0.0,0.0,,,,2026-08-14T04:24:08.338568
372,e4-c-09416104,user_2c74ad,workflow.hang.escalate_no_dept_manager,034bdcdb-93f3-4794-8135-b70967bb7550,,escalate_no_dept_manager,,0,0,0.0,0.0,,,,2026-08-14T04:24:08.296667
371,e4-c-09416104,user_2c74ad,workflow.run.suspended,034bdcdb-93f3-4794-8135-b70967bb7550,,kb-a:kb:read:true,,0,0,0.0,0.0,,,,2026-08-14T04:24:08.290437
370,e4-c-09416104,user_2c74ad,workflow.run.start,034bdcdb-93f3-4794-8135-b70967bb7550,,workflow_id=d5cabeb5-85f9-4c0e-af2a-920a1badbe55,,0,0,0.0,0.0,,,,2026-08-14T04:24:08.264637
369,e4-r-c45a46ad,user_da3abb,workflow.run.succeeded,4efab51f-9f0a-41a3-ab1e-71e132a8939a,,,,0,0,0.0,0.0,,,,2026-08-14T04:24:08.237025
368,e4-r-c45a46ad,user_da3abb,workflow.node.succeeded,4efab51f-9f0a-41a3-ab1e-71e132a8939a,,evidence_count=0,,0,0,0.0,0.0,,,,2026-08-14T04:24:08.229103
367,e4-r-c45a46ad,user_da3abb,workflow.hang.escalate_no_dept_manager,4efab51f-9f0a-41a3-ab1e-71e132a8939a,,escalate_no_dept_manager,,0,0,0.0,0.0,,,,2026-08-14T04:24:08.183706
366,e4-r-c45a46ad,user_da3abb,workflow.run.suspended,4efab51f-9f0a-41a3-ab1e-71e132a8939a,,kb-tool:kb:read:true,,0,0,0.0,0.0,,,,2026-08-14T04:24:08.177952
365,e4-r-c45a46ad,user_da3abb,workflow.run.start,4efab51f-9f0a-41a3-ab1e-71e132a8939a,,workflow_id=09deee4e-4779-4d39-a9f0-97ef5f638af1,,0,0,0.0,0.0,,,,2026-08-14T04:24:08.154271
364,default,anonymous,rag.ask,af69575e-7975-4430-a4e0-07cace1e0220,cache_hit=1|什么是 nexusai?,[mock:deepseek-v4-flash] 已收到：的智能助手。你正在使用企业知识库来回答用户的问题。  参考知识： （无检索结果）  用户问题：什么是 NexusAI？  请基于上述知识，用专业、准确的语气回答用户。注意： 1. 优先使用知识库中的内容作为依据 2. 用通俗易懂的语言解释专业概念 3. 提供具体可操作的信息 4. 知识库中没有依据时明确说明，不编造 5. 回答简洁并标注来源（如有）  回答：,,0,0,0.0,4.1816579177975655,,,,2026-08-14T04:24:07.577631
363,t,system,llm_key_failover,failover-10-11,provider=default from=10 to=11 reason=401,,,0,0,0.0,0.0,401,,,2026-08-14T04:24:07.497007
362,e3-s-0cd72d24,u1,workflow.hang.escalate_timeout,b211684e-b5ef-4786-8f0e-13a6477a4d77,,escalate_timeout,,0,0,0.0,0.0,,,,2026-08-14T04:24:06.089601
361,e3-t-ea22714d,u1,workflow.hang.escalate_timeout,cc99181f-2707-42ca-976f-cf7ca6a80999,,escalate_timeout,,0,0,0.0,0.0,,,,2026-08-14T04:24:06.069358
360,e3-n-e4b54f35,u1,workflow.hang.escalate_no_dept_manager,fc995e36-8e89-465a-bb31-8c12fc9bed67,,escalate_no_dept_manager,,0,0,0.0,0.0,,,,2026-08-14T04:24:06.052702
359,e5-5ab6f183,user_2a1991,workflow.run.start,779830cf-595d-4f80-afd9-3b3ea6f5053e,,workflow_id=f5ecb3a1-a36a-47a0-a545-30fea6448312,,0,0,0.0,0.0,,,,2026-08-14T04:24:05.913544
358,acme,alice,auth.login,,alice,,,0,0,0.0,0.0,,,,2026-08-14T04:24:04.557285
357,acme,bob,auth.register,,bob,,,0,0,0.0,0.0,,,,2026-08-14T04:24:00.766883
356,acme,alice,auth.register,,alice,,,0,0,0.0,0.0,,,,2026-08-14T04:24:00.527482
355,e5-6c60b139,user_bccbb8,workflow.run.start,34eb1898-e61c-496f-bb90-e0cf312ebb1d,,workflow_id=53d141c7-07be-4c0f-8fdb-b19e4561518b,,0,0,0.0,0.0,,,,2026-08-14T04:22:11.086928
354,e4-c-c7471dce,user_2150f0,workflow.hang.escalate_no_dept_manager,bc51c750-a1b4-4776-81d8-0f13bee72126,,escalate_no_dept_manager,,0,0,0.0,0.0,,,,2026-08-14T04:22:10.814572
353,e4-c-c7471dce,user_2150f0,workflow.run.suspended,bc51c750-a1b4-4776-81d8-0f13bee72126,,kb-b:kb:write:true,,0,0,0.0,0.0,,,,2026-08-14T04:22:10.738471
352,e4-c-c7471dce,user_2150f0,workflow.node.succeeded,bc51c750-a1b4-4776-81d8-0f13bee72126,,evidence_count=0,,0,0,0.0,0.0,,,,2026-08-14T04:22:10.670121
351,e4-c-c7471dce,user_2150f0,workflow.hang.escalate_no_dept_manager,bc51c750-a1b4-4776-81d8-0f13bee72126,,escalate_no_dept_manager,,0,0,0.0,0.0,,,,2026-08-14T04:22:10.409540
350,e4-c-c7471dce,user_2150f0,workflow.run.suspended,bc51c750-a1b4-4776-81d8-0f13bee72126,,kb-a:kb:read:true,,0,0,0.0,0.0,,,,2026-08-14T04:22:10.390610
349,e4-c-c7471dce,user_2150f0,workflow.run.start,bc51c750-a1b4-4776-81d8-0f13bee72126,,workflow_id=639dbda7-2881-41c2-837c-b67074a076c7,,0,0,0.0,0.0,,,,2026-08-14T04:22:10.236083
348,e4-r-581631c7,user_18697c,workflow.run.succeeded,fdbd0c87-9e53-4e75-9cf4-5a7f371f4c39,,,,0,0,0.0,0.0,,,,2026-08-14T04:22:10.114154
347,e4-r-581631c7,user_18697c,workflow.node.succeeded,fdbd0c87-9e53-4e75-9cf4-5a7f371f4c39,,evidence_count=0,,0,0,0.0,0.0,,,,2026-08-14T04:22:10.085753
346,e4-r-581631c7,user_18697c,workflow.hang.escalate_no_dept_manager,fdbd0c87-9e53-4e75-9cf4-5a7f371f4c39,,escalate_no_dept_manager,,0,0,0.0,0.0,,,,2026-08-14T04:22:09.994286
345,e4-r-581631c7,user_18697c,workflow.run.suspended,fdbd0c87-9e53-4e75-9cf4-5a7f371f4c39,,kb-tool:kb:read:true,,0,0,0.0,0.0,,,,2026-08-14T04:22:09.970394
344,e4-r-581631c7,user_18697c,workflow.run.start,fdbd0c87-9e53-4e75-9cf4-5a7f371f4c39,,workflow_id=09e60b70-a4de-451f-a501-71df78ff1dda,,0,0,0.0,0.0,,,,2026-08-14T04:22:09.867499
343,e3-s-bb8a0938,u1,workflow.hang.escalate_timeout,cab6eec4-b26f-48bd-b0fb-514af76135b5,,escalate_timeout,,0,0,0.0,0.0,,,,2026-08-14T04:22:09.786225
342,e3-t-b7ad7de0,u1,workflow.hang.escalate_timeout,c1c30d4f-35d0-4b35-8893-0bfa4c388e12,,escalate_timeout,,0,0,0.0,0.0,,,,2026-08-14T04:22:09.717240
341,e3-n-a61d98d6,u1,workflow.hang.escalate_no_dept_manager,9ab600f0-dbc7-4e39-ac88-bf5a2866ad63,,escalate_no_dept_manager,,0,0,0.0,0.0,,,,2026-08-14T04:22:09.656838
340,e2-txn-01713328,user_65ad2d,workflow.hang.escalate_no_dept_manager,9b30c7b5-9b2e-45ce-9707-2773b03c2ef4,,escalate_no_dept_manager,,0,0,0.0,0.0,,,,2026-08-14T04:22:09.473702
339,e2-txn-01713328,user_65ad2d,workflow.run.suspended,9b30c7b5-9b2e-45ce-9707-2773b03c2ef4,,tool-x:kb:write:true,,0,0,0.0,0.0,,,,2026-08-14T04:22:09.436501
338,e2-txn-01713328,user_65ad2d,workflow.run.start,9b30c7b5-9b2e-45ce-9707-2773b03c2ef4,,workflow_id=82d1189a-d628-4ff9-a8fc-4d51caccb4fd,,0,0,0.0,0.0,,,,2026-08-14T04:22:09.275068
337,e2-ag-f2ed45ca,mgr_905c92,workflow.run.succeeded,6bb5cc76-d27a-41c0-9ca1-1a8c2fb2dbe5,,,,0,0,0.0,0.0,,,,2026-08-14T04:22:09.200180
336,e2-ag-f2ed45ca,mgr_905c92,workflow.node.succeeded,6bb5cc76-d27a-41c0-9ca1-1a8c2fb2dbe5,,evidence_count=0,,0,0,0.0,0.0,,,,2026-08-14T04:22:09.178569
335,e2-ag-f2ed45ca,mgr_905c92,workflow.auto_grant,6bb5cc76-d27a-41c0-9ca1-1a8c2fb2dbe5,,kb-tool:kb:read:self_approve,,0,0,0.0,0.0,,,,2026-08-14T04:22:09.156153
334,e2-ag-f2ed45ca,mgr_905c92,workflow.run.start,6bb5cc76-d27a-41c0-9ca1-1a8c2fb2dbe5,,workflow_id=4ccdcec6-36fd-4851-932f-f595751e461f,,0,0,0.0,0.0,,,,2026-08-14T04:22:09.093392
333,e2-sus-00d0a3c9,user_47c0fc,workflow.hang.escalate_no_dept_manager,4edf666c-05bd-41d3-9eb2-4713daea12c7,,escalate_no_dept_manager,,0,0,0.0,0.0,,,,2026-08-14T04:22:08.962895
332,e2-sus-00d0a3c9,user_47c0fc,workflow.run.suspended,4edf666c-05bd-41d3-9eb2-4713daea12c7,,kb-tool:kb:read:true,,0,0,0.0,0.0,,,,2026-08-14T04:22:08.908398
331,e2-sus-00d0a3c9,user_47c0fc,workflow.run.start,4edf666c-05bd-41d3-9eb2-4713daea12c7,,workflow_id=edf9db95-4113-48ea-9d18-54d2d7e05a09,,0,0,0.0,0.0,,,,2026-08-14T04:22:08.823529
330,e2-fail-d0b9f542,user_c95603,workflow.run.failed,685afa48-1ec4-4064-bc16-8f38f4654436,,"{'code': <ErrorCode.AUTH_INSUFFICIENT_PERMISSIONS: 'AUTH_002'>, 'message': 'permission_denied', 'needed_perm': 'kb:read', 'capability_id': 'kb-tool', 'gate': 'S2_NOT_REQUESTABLE'}",,0,0,0.0,0.0,AUTH_002,,,2026-08-14T04:22:08.743746
329,e2-fail-d0b9f542,user_c95603,workflow.node.auth_fail,685afa48-1ec4-4064-bc16-8f38f4654436,,kb-tool:kb:read:S2_NOT_REQUESTABLE,,0,0,0.0,0.0,AUTH_002,,,2026-08-14T04:22:08.714736
328,e2-fail-d0b9f542,user_c95603,workflow.run.start,685afa48-1ec4-4064-bc16-8f38f4654436,,workflow_id=aa62fdf8-cfcf-41b0-a77d-59a20406733c,,0,0,0.0,0.0,,,,2026-08-14T04:22:08.586725
327,acme,smoke_e_member_7f1a7b6f,workflow.run.succeeded,a316825b-f18e-42e0-b853-55343d2e08ee,,,,0,0,0.0,0.0,,,,2026-08-14T03:57:45.640345
326,acme,smoke_e_member_7f1a7b6f,workflow.node.succeeded,a316825b-f18e-42e0-b853-55343d2e08ee,,evidence_count=0,,0,0,0.0,0.0,,,,2026-08-14T03:57:45.590072
325,acme,smoke_e_member_7f1a7b6f,rag.ask,0ab93d86-bae4-421a-8c02-d567e0ba7593,cache_hit=0|smoke-e-7f1a7b6f,"根据现有知识库，未检索到与“smoke-e-7f1a7b6f”相关的信息。该字符串可能是一个内部标识、测试编号或日志片段，但当前无法确认其含义。

建议您提供更多上下文（如所属系统、用途、出现场景），以便进一步查询或定位。  
来源：企业知识库（无检索结果）",,0,0,1.2000000000000002e-06,2484.5372021663934,,,,2026-08-14T03:57:45.533374
324,acme,smoke_e_admin_7f1a7b6f,workflow.approve,a316825b-f18e-42e0-b853-55343d2e08ee,,grant=f2010477-fc09-45e1-ada1-c710d65ff756:cap=smoke-hang-7f1a7b6f,,0,0,0.0,0.0,,,,2026-08-14T03:57:42.938331
323,acme,smoke_e_member_7f1a7b6f,workflow.run.suspended,a316825b-f18e-42e0-b853-55343d2e08ee,,smoke-hang-7f1a7b6f:kb:read:true,,0,0,0.0,0.0,,,,2026-08-14T03:57:42.579990
322,acme,smoke_e_member_7f1a7b6f,workflow.run.start,a316825b-f18e-42e0-b853-55343d2e08ee,,workflow_id=4154a5e5-52d6-4e86-93c8-b600f20ee571,,0,0,0.0,0.0,,,,2026-08-14T03:57:42.361896
321,acme,smoke_e_othermgr_7f1a7b6f,auth.register,,smoke_e_othermgr_7f1a7b6f,,,0,0,0.0,0.0,,,,2026-08-14T03:57:41.840108
320,acme,smoke_e_member_7f1a7b6f,auth.register,,smoke_e_member_7f1a7b6f,,,0,0,0.0,0.0,,,,2026-08-14T03:57:41.185397
319,acme,smoke_e_admin_7f1a7b6f,auth.register,,smoke_e_admin_7f1a7b6f,,,0,0,0.0,0.0,,,,2026-08-14T03:57:40.506326
318,acme,smoke_e_member_77da6128,workflow.run.failed,fc19b3c8-7903-41ee-b343-936a026bf1e3,,"Error code: 400 - {'error': {'message': 'The supported API model names are deepseek-v4-pro or deepseek-v4-flash, but you passed mock-local.', 'type': 'invalid_request_error', 'param': None, 'code': 'i",,0,0,0.0,0.0,RUN_500,,,2026-08-14T03:57:14.352761
317,acme,smoke_e_admin_77da6128,workflow.approve,fc19b3c8-7903-41ee-b343-936a026bf1e3,,grant=8e2f686b-acd2-49be-a7f1-0af840f99141:cap=smoke-hang-77da6128,,0,0,0.0,0.0,,,,2026-08-14T03:57:07.758774
316,acme,smoke_e_member_77da6128,workflow.run.suspended,fc19b3c8-7903-41ee-b343-936a026bf1e3,,smoke-hang-77da6128:kb:read:true,,0,0,0.0,0.0,,,,2026-08-14T03:57:07.293105
315,acme,smoke_e_member_77da6128,workflow.run.start,fc19b3c8-7903-41ee-b343-936a026bf1e3,,workflow_id=eada6d2a-efdc-4ec4-aae4-2dabea59eb60,,0,0,0.0,0.0,,,,2026-08-14T03:57:07.099303
314,acme,smoke_e_othermgr_77da6128,auth.register,,smoke_e_othermgr_77da6128,,,0,0,0.0,0.0,,,,2026-08-14T03:57:06.257495
313,acme,smoke_e_member_77da6128,auth.register,,smoke_e_member_77da6128,,,0,0,0.0,0.0,,,,2026-08-14T03:57:04.854114
312,acme,smoke_e_admin_77da6128,auth.register,,smoke_e_admin_77da6128,,,0,0,0.0,0.0,,,,2026-08-14T03:57:03.754735
311,r429-3862ee47,u1,workflow.run.zombie,06217cb7-59e7-4ecb-af4b-b332aca6dd65,,,,0,0,0.0,0.0,RUN_ZOMBIE,,,2026-08-14T03:56:38.391168
310,r429-3862ee47,u1,workflow.run.zombie,0ef8fb2a-6d3e-4407-8f08-c6f77bddc4c3,,,,0,0,0.0,0.0,RUN_ZOMBIE,,,2026-08-14T03:56:38.363953
309,cas-a0b9999f,u1,workflow.run.zombie,002d447e-caf0-46b7-aac7-fddfe02169e8,,,,0,0,0.0,0.0,RUN_ZOMBIE,,,2026-08-14T03:56:38.271079
308,acme,capprobe_388ef1,auth.register,,capprobe_388ef1,,,0,0,0.0,0.0,,,,2026-08-14T03:54:45.889041
307,run-api-35b3dc4e,admin1,workflow.run.start,9b5abc85-cea0-4e17-99bf-e2cee0f1446e,,workflow_id=95dd86b6-b320-4818-b2db-a0f0aee13204,,0,0,0.0,0.0,,,,2026-08-14T03:54:36.416990
306,run-auth-c3761b6b,user_4b6440,workflow.run.failed,c7bd7757-cc72-4007-a262-72303619336a,,"{'code': <ErrorCode.AUTH_INSUFFICIENT_PERMISSIONS: 'AUTH_002'>, 'message': 'permission_denied', 'needed_perm': 'admin:*', 'capability_id': 'admin-tool', 'gate': 'S2_NOT_REQUESTABLE'}",,0,0,0.0,0.0,AUTH_002,,,2026-08-14T03:54:35.765762
305,run-auth-c3761b6b,user_4b6440,workflow.node.auth_fail,c7bd7757-cc72-4007-a262-72303619336a,,admin-tool:admin:*:S2_NOT_REQUESTABLE,,0,0,0.0,0.0,AUTH_002,,,2026-08-14T03:54:35.743975
304,run-auth-c3761b6b,user_4b6440,workflow.run.start,c7bd7757-cc72-4007-a262-72303619336a,,workflow_id=5d00a232-7b86-44f4-a5f8-5aa5d9722ac0,,0,0,0.0,0.0,,,,2026-08-14T03:54:35.704806
303,e2-ag-06ba436f,mgr_da6272,workflow.run.succeeded,90abe071-8f14-4713-aceb-1deb5bc6b9ba,,,,0,0,0.0,0.0,,,,2026-08-14T03:54:35.646950
302,e2-ag-06ba436f,mgr_da6272,workflow.node.succeeded,90abe071-8f14-4713-aceb-1deb5bc6b9ba,,evidence_count=0,,0,0,0.0,0.0,,,,2026-08-14T03:54:35.635302
301,e2-ag-06ba436f,mgr_da6272,workflow.auto_grant,90abe071-8f14-4713-aceb-1deb5bc6b9ba,,kb-tool:kb:read:self_approve,,0,0,0.0,0.0,,,,2026-08-14T03:54:35.620192
300,e2-ag-06ba436f,mgr_da6272,workflow.run.start,90abe071-8f14-4713-aceb-1deb5bc6b9ba,,workflow_id=8460c880-30df-4c70-9385-2f6670054f4a,,0,0,0.0,0.0,,,,2026-08-14T03:54:35.568866
299,e2-sus-69bcb14b,user_546b41,workflow.hang.escalate_no_dept_manager,e19a93a4-6fc1-4a73-8e18-24a4cb61c334,,escalate_no_dept_manager,,0,0,0.0,0.0,,,,2026-08-14T03:54:35.527218
298,e2-sus-69bcb14b,user_546b41,workflow.run.suspended,e19a93a4-6fc1-4a73-8e18-24a4cb61c334,,kb-tool:kb:read:true,,0,0,0.0,0.0,,,,2026-08-14T03:54:35.520590
297,e2-sus-69bcb14b,user_546b41,workflow.run.start,e19a93a4-6fc1-4a73-8e18-24a4cb61c334,,workflow_id=a2ab8fa5-118a-412c-a637-9739a436a853,,0,0,0.0,0.0,,,,2026-08-14T03:54:35.477802
296,e2-fail-77761d55,user_9442aa,workflow.run.failed,9b646c9a-47f9-46fa-8019-b17556e3cc1d,,"{'code': <ErrorCode.AUTH_INSUFFICIENT_PERMISSIONS: 'AUTH_002'>, 'message': 'permission_denied', 'needed_perm': 'kb:read', 'capability_id': 'kb-tool', 'gate': 'S2_NOT_REQUESTABLE'}",,0,0,0.0,0.0,AUTH_002,,,2026-08-14T03:54:35.448951
295,e2-fail-77761d55,user_9442aa,workflow.node.auth_fail,9b646c9a-47f9-46fa-8019-b17556e3cc1d,,kb-tool:kb:read:S2_NOT_REQUESTABLE,,0,0,0.0,0.0,AUTH_002,,,2026-08-14T03:54:35.431482
294,e2-fail-77761d55,user_9442aa,workflow.run.start,9b646c9a-47f9-46fa-8019-b17556e3cc1d,,workflow_id=e293ebb0-f3d7-4a0a-bf2e-587306cc6bbc,,0,0,0.0,0.0,,,,2026-08-14T03:54:35.405817
293,run-ex-d20ed9d9,admin_e0d0ed,workflow.run.succeeded,3297b2d1-2c14-4076-981e-7737938fbf90,,,,0,0,0.0,0.0,,,,2026-08-14T03:54:35.332698
292,run-ex-d20ed9d9,admin_e0d0ed,workflow.node.succeeded,3297b2d1-2c14-4076-981e-7737938fbf90,,evidence_count=1,,0,0,0.0,0.0,,,,2026-08-14T03:54:35.324139
291,run-ex-d20ed9d9,admin_e0d0ed,workflow.run.start,3297b2d1-2c14-4076-981e-7737938fbf90,,workflow_id=851ab248-a520-46cc-ba51-a803817cfd3a,,0,0,0.0,0.0,,,,2026-08-14T03:54:35.290397
290,e2-txn-c1c26cf9,user_e0265e,workflow.hang.escalate_no_dept_manager,19d925db-3405-4e40-9fb3-bce24d338972,,escalate_no_dept_manager,,0,0,0.0,0.0,,,,2026-08-14T03:54:35.248767
289,e2-txn-c1c26cf9,user_e0265e,workflow.run.suspended,19d925db-3405-4e40-9fb3-bce24d338972,,tool-x:kb:write:true,,0,0,0.0,0.0,,,,2026-08-14T03:54:35.242226
288,e2-txn-c1c26cf9,user_e0265e,workflow.run.start,19d925db-3405-4e40-9fb3-bce24d338972,,workflow_id=75c339fd-b9e6-470e-a351-96a9298bba32,,0,0,0.0,0.0,,,,2026-08-14T03:54:35.202377
287,e4-c-ec9e0d8a,user_33f821,workflow.hang.escalate_no_dept_manager,a238eeef-a61b-404e-8b4a-903e116efdb8,,escalate_no_dept_manager,,0,0,0.0,0.0,,,,2026-08-14T03:54:35.159952
286,e4-c-ec9e0d8a,user_33f821,workflow.run.suspended,a238eeef-a61b-404e-8b4a-903e116efdb8,,kb-b:kb:write:true,,0,0,0.0,0.0,,,,2026-08-14T03:54:35.151979
285,e4-c-ec9e0d8a,user_33f821,workflow.node.succeeded,a238eeef-a61b-404e-8b4a-903e116efdb8,,evidence_count=0,,0,0,0.0,0.0,,,,2026-08-14T03:54:35.127792
284,e4-c-ec9e0d8a,user_33f821,workflow.hang.escalate_no_dept_manager,a238eeef-a61b-404e-8b4a-903e116efdb8,,escalate_no_dept_manager,,0,0,0.0,0.0,,,,2026-08-14T03:54:35.090714
283,e4-c-ec9e0d8a,user_33f821,workflow.run.suspended,a238eeef-a61b-404e-8b4a-903e116efdb8,,kb-a:kb:read:true,,0,0,0.0,0.0,,,,2026-08-14T03:54:35.082393
282,e4-c-ec9e0d8a,user_33f821,workflow.run.start,a238eeef-a61b-404e-8b4a-903e116efdb8,,workflow_id=f7368f09-0284-4b65-b689-9c378ae1dd1c,,0,0,0.0,0.0,,,,2026-08-14T03:54:35.047184
281,e4-r-c9558532,user_647b31,workflow.run.succeeded,36cee685-5b52-4d0b-ae9a-e2dce48db1a9,,,,0,0,0.0,0.0,,,,2026-08-14T03:54:34.997968
280,e4-r-c9558532,user_647b31,workflow.node.succeeded,36cee685-5b52-4d0b-ae9a-e2dce48db1a9,,evidence_count=0,,0,0,0.0,0.0,,,,2026-08-14T03:54:34.985549
279,e4-r-c9558532,user_647b31,workflow.hang.escalate_no_dept_manager,36cee685-5b52-4d0b-ae9a-e2dce48db1a9,,escalate_no_dept_manager,,0,0,0.0,0.0,,,,2026-08-14T03:54:34.880654
278,e4-r-c9558532,user_647b31,workflow.run.suspended,36cee685-5b52-4d0b-ae9a-e2dce48db1a9,,kb-tool:kb:read:true,,0,0,0.0,0.0,,,,2026-08-14T03:54:34.866083
277,e4-r-c9558532,user_647b31,workflow.run.start,36cee685-5b52-4d0b-ae9a-e2dce48db1a9,,workflow_id=106e346c-4544-4d2a-96dc-2fa1676caac7,,0,0,0.0,0.0,,,,2026-08-14T03:54:34.801486
276,default,anonymous,rag.ask,a320e666-d50d-4270-8055-467008ec1cc8,cache_hit=0|什么是 nexusai?,[mock:deepseek-v4-flash] 已收到：的智能助手。你正在使用企业知识库来回答用户的问题。  参考知识： （无检索结果）  用户问题：什么是 NexusAI？  请基于上述知识，用专业、准确的语气回答用户。注意： 1. 优先使用知识库中的内容作为依据 2. 用通俗易懂的语言解释专业概念 3. 提供具体可操作的信息 4. 知识库中没有依据时明确说明，不编造 5. 回答简洁并标注来源（如有）  回答：,,0,0,8.5e-06,21.333655109629035,,,,2026-08-14T03:54:33.987853
275,t,system,llm_key_failover,failover-10-11,provider=default from=10 to=11 reason=401,,,0,0,0.0,0.0,401,,,2026-08-14T03:54:33.818964
274,e3-s-d506f46d,u1,workflow.hang.escalate_timeout,a26d6507-50ef-4be2-ba79-f3f74a016b60,,escalate_timeout,,0,0,0.0,0.0,,,,2026-08-14T03:54:32.324861
273,e3-t-04051ddf,u1,workflow.hang.escalate_timeout,a07d4c2a-ed9c-4700-82cf-a76b2624f241,,escalate_timeout,,0,0,0.0,0.0,,,,2026-08-14T03:54:32.270681
272,e3-n-a0525580,u1,workflow.hang.escalate_no_dept_manager,75658e07-90e2-4d79-a996-4badec71553e,,escalate_no_dept_manager,,0,0,0.0,0.0,,,,2026-08-14T03:54:32.239510
271,e5-cc9c5466,user_04e98f,workflow.run.start,c3419b04-11fd-455c-9177-217921ef5607,,workflow_id=1412390e-1bbc-4f0e-b41e-2a52a4447868,,0,0,0.0,0.0,,,,2026-08-14T03:54:32.073653
270,acme,alice,auth.login,,alice,,,0,0,0.0,0.0,,,,2026-08-14T03:54:30.019146
269,acme,bob,auth.register,,bob,,,0,0,0.0,0.0,,,,2026-08-14T03:54:24.111349
268,acme,alice,auth.register,,alice,,,0,0,0.0,0.0,,,,2026-08-14T03:54:23.729478
267,acme,smoke_e_othermgr_939f6aef,auth.register,,smoke_e_othermgr_939f6aef,,,0,0,0.0,0.0,,,,2026-08-14T03:54:17.304834
266,acme,smoke_e_member_939f6aef,auth.register,,smoke_e_member_939f6aef,,,0,0,0.0,0.0,,,,2026-08-14T03:54:16.841114
265,acme,smoke_e_admin_939f6aef,auth.register,,smoke_e_admin_939f6aef,,,0,0,0.0,0.0,,,,2026-08-14T03:54:16.375976
264,r429-270f59dc,u1,workflow.run.zombie,96877e05-13b8-47da-964d-6fcd36a351d3,,,,0,0,0.0,0.0,RUN_ZOMBIE,,,2026-08-14T03:53:42.700892
263,r429-270f59dc,u1,workflow.run.zombie,fdb6f174-6f31-4e2f-b13f-3233aaa74b9f,,,,0,0,0.0,0.0,RUN_ZOMBIE,,,2026-08-14T03:53:42.692546
262,cas-3661e846,u1,workflow.run.zombie,bb57660c-dd4a-4460-8ec4-16d7605d9bc8,,,,0,0,0.0,0.0,RUN_ZOMBIE,,,2026-08-14T03:53:42.682747
261,r429-66b48ac2,u1,workflow.run.zombie,9a917bb9-1887-4f99-8a43-7ccb61e5dda5,,,,0,0,0.0,0.0,RUN_ZOMBIE,,,2026-08-14T03:53:42.672487
260,r429-66b48ac2,u1,workflow.run.zombie,ba45c2aa-e9cb-40b2-b7ed-c420e071f7da,,,,0,0,0.0,0.0,RUN_ZOMBIE,,,2026-08-14T03:53:42.655547
259,cas-4e19ea9d,u1,workflow.run.zombie,2b9bf2f9-2962-4574-892d-630cec5db9cc,,,,0,0,0.0,0.0,RUN_ZOMBIE,,,2026-08-14T03:53:42.641218
258,r429-ab8a999d,u1,workflow.run.zombie,812ab5f0-445b-45ab-a03d-117781a40acb,,,,0,0,0.0,0.0,RUN_ZOMBIE,,,2026-08-14T03:53:42.587809
257,r429-ab8a999d,u1,workflow.run.zombie,14f8c4ef-4b0e-4364-aef4-11cd50e0e3a3,,,,0,0,0.0,0.0,RUN_ZOMBIE,,,2026-08-14T03:53:42.574385
256,cas-9b976c05,u1,workflow.run.zombie,df2a9411-ae91-424e-b084-a4af6b56fd9d,,,,0,0,0.0,0.0,RUN_ZOMBIE,,,2026-08-14T03:53:42.563285
255,r429-ae3aae72,u1,workflow.run.zombie,788652ad-e8c5-45b3-bff0-1a30a15019b7,,,,0,0,0.0,0.0,RUN_ZOMBIE,,,2026-08-14T03:53:42.554269
254,r429-ae3aae72,u1,workflow.run.zombie,98d9dbfd-0bf6-4db3-963e-16d40b5c11da,,,,0,0,0.0,0.0,RUN_ZOMBIE,,,2026-08-14T03:53:42.543572
253,cas-6725f48b,u1,workflow.run.zombie,4d365c89-435e-4793-a637-e5ba5e046b74,,,,0,0,0.0,0.0,RUN_ZOMBIE,,,2026-08-14T03:53:42.534535
252,r429-35f40b16,u1,workflow.run.zombie,f4881d41-b599-4102-8104-a8741874ade5,,,,0,0,0.0,0.0,RUN_ZOMBIE,,,2026-08-14T03:53:42.526788
251,r429-35f40b16,u1,workflow.run.zombie,d358cb0c-7ab1-4e13-bdca-dbca977d6021,,,,0,0,0.0,0.0,RUN_ZOMBIE,,,2026-08-14T03:53:42.518304
250,cas-e20bdd94,u1,workflow.run.zombie,233840aa-3cf3-4cc8-913d-77290a1367f6,,,,0,0,0.0,0.0,RUN_ZOMBIE,,,2026-08-14T03:53:42.506764
249,r429-57e807a6,u1,workflow.run.zombie,4d0ab768-25e5-47e1-9d3f-2ef0c34e8f13,,,,0,0,0.0,0.0,RUN_ZOMBIE,,,2026-08-14T03:53:42.496330
248,r429-57e807a6,u1,workflow.run.zombie,5c6f0631-8e90-4c95-ad47-312bcfb80978,,,,0,0,0.0,0.0,RUN_ZOMBIE,,,2026-08-14T03:53:42.486178
247,cas-98739a8f,u1,workflow.run.zombie,c3951b15-8754-4a39-8eb4-2385a1525ee1,,,,0,0,0.0,0.0,RUN_ZOMBIE,,,2026-08-14T03:53:42.475144
246,r429-b92435d6,u1,workflow.run.zombie,127b5042-35a6-4107-8dba-5c02481c529a,,,,0,0,0.0,0.0,RUN_ZOMBIE,,,2026-08-14T03:53:42.460988
245,r429-b92435d6,u1,workflow.run.zombie,d74e235a-5309-468f-8ae4-821089346730,,,,0,0,0.0,0.0,RUN_ZOMBIE,,,2026-08-14T03:53:42.451268
244,cas-76250975,u1,workflow.run.zombie,4ba6484f-34ff-44ce-8e9f-a05476caf891,,,,0,0,0.0,0.0,RUN_ZOMBIE,,,2026-08-14T03:53:42.438581
243,r429-51d20161,u1,workflow.run.zombie,d6352a84-beea-4616-9ffc-e49703622c2c,,,,0,0,0.0,0.0,RUN_ZOMBIE,,,2026-08-14T03:53:42.424817
242,r429-51d20161,u1,workflow.run.zombie,ecca50cc-507c-4286-ad7e-4f1e613d60ef,,,,0,0,0.0,0.0,RUN_ZOMBIE,,,2026-08-14T03:53:42.405998
241,cas-a9c6e982,u1,workflow.run.zombie,793f04f4-b985-4ed8-9f9a-c703c2f1fe3e,,,,0,0,0.0,0.0,RUN_ZOMBIE,,,2026-08-14T03:53:42.076632
240,e5-a1cc92eb,user_2a71ca,workflow.run.start,432d9a2d-a3e2-414e-b91d-5226a02128ca,,workflow_id=20fcf366-3174-4e23-ba0d-14eb6ff1d7fd,,0,0,0.0,0.0,,,,2026-08-14T03:51:11.084505
239,e2-txn-15770774,user_3e54bb,workflow.hang.escalate_no_dept_manager,08eef794-8561-4f26-8204-6a9a7e86147c,,escalate_no_dept_manager,,0,0,0.0,0.0,,,,2026-08-14T03:50:31.875942
238,e2-txn-15770774,user_3e54bb,workflow.run.suspended,08eef794-8561-4f26-8204-6a9a7e86147c,,tool-x:kb:write:true,,0,0,0.0,0.0,,,,2026-08-14T03:50:31.862315
237,e2-txn-15770774,user_3e54bb,workflow.run.start,08eef794-8561-4f26-8204-6a9a7e86147c,,workflow_id=7aa8702f-211d-44ff-a474-54b51f8695da,,0,0,0.0,0.0,,,,2026-08-14T03:50:31.815509
236,e2-ag-7746c91f,mgr_2eff5b,workflow.run.succeeded,b44aa40e-311c-4fea-90ec-55e416f7fb59,,,,0,0,0.0,0.0,,,,2026-08-14T03:50:31.755787
235,e2-ag-7746c91f,mgr_2eff5b,workflow.node.succeeded,b44aa40e-311c-4fea-90ec-55e416f7fb59,,evidence_count=0,,0,0,0.0,0.0,,,,2026-08-14T03:50:31.743706
234,e2-ag-7746c91f,mgr_2eff5b,workflow.auto_grant,b44aa40e-311c-4fea-90ec-55e416f7fb59,,kb-tool:kb:read:self_approve,,0,0,0.0,0.0,,,,2026-08-14T03:50:31.728819
233,e2-ag-7746c91f,mgr_2eff5b,workflow.run.start,b44aa40e-311c-4fea-90ec-55e416f7fb59,,workflow_id=14629dae-c3bf-4767-9007-fe38829bf924,,0,0,0.0,0.0,,,,2026-08-14T03:50:31.689824
232,e2-sus-76dfbc41,user_fab1b5,workflow.hang.escalate_no_dept_manager,35fdf408-b651-41f6-b573-bf3b0ff57c03,,escalate_no_dept_manager,,0,0,0.0,0.0,,,,2026-08-14T03:50:31.640436
231,e2-sus-76dfbc41,user_fab1b5,workflow.run.suspended,35fdf408-b651-41f6-b573-bf3b0ff57c03,,kb-tool:kb:read:true,,0,0,0.0,0.0,,,,2026-08-14T03:50:31.628021
230,e2-sus-76dfbc41,user_fab1b5,workflow.run.start,35fdf408-b651-41f6-b573-bf3b0ff57c03,,workflow_id=22901fa1-6804-4e03-9336-5d5807a48ef5,,0,0,0.0,0.0,,,,2026-08-14T03:50:31.568433
229,e2-fail-1ca65256,user_188a02,workflow.run.failed,0d6836e1-58bb-46dc-b01c-c96cab3c3b71,,"{'code': <ErrorCode.AUTH_INSUFFICIENT_PERMISSIONS: 'AUTH_002'>, 'message': 'permission_denied', 'needed_perm': 'kb:read', 'capability_id': 'kb-tool', 'gate': 'S2_NOT_REQUESTABLE'}",,0,0,0.0,0.0,AUTH_002,,,2026-08-14T03:50:31.528199
228,e2-fail-1ca65256,user_188a02,workflow.node.auth_fail,0d6836e1-58bb-46dc-b01c-c96cab3c3b71,,kb-tool:kb:read:S2_NOT_REQUESTABLE,,0,0,0.0,0.0,AUTH_002,,,2026-08-14T03:50:31.513015
227,e2-fail-1ca65256,user_188a02,workflow.run.start,0d6836e1-58bb-46dc-b01c-c96cab3c3b71,,workflow_id=699669c7-6404-4feb-aeec-d7b6f97f282f,,0,0,0.0,0.0,,,,2026-08-14T03:50:31.471031
226,e4-c-bca2272d,user_1fb55a,workflow.hang.escalate_no_dept_manager,0a046c4e-3c57-4b5c-9a41-c085a0829018,,escalate_no_dept_manager,,0,0,0.0,0.0,,,,2026-08-14T03:50:31.352739
225,e4-c-bca2272d,user_1fb55a,workflow.run.suspended,0a046c4e-3c57-4b5c-9a41-c085a0829018,,kb-b:kb:write:true,,0,0,0.0,0.0,,,,2026-08-14T03:50:31.342690
224,e4-c-bca2272d,user_1fb55a,workflow.node.succeeded,0a046c4e-3c57-4b5c-9a41-c085a0829018,,evidence_count=0,,0,0,0.0,0.0,,,,2026-08-14T03:50:31.309258
223,e4-c-bca2272d,user_1fb55a,workflow.hang.escalate_no_dept_manager,0a046c4e-3c57-4b5c-9a41-c085a0829018,,escalate_no_dept_manager,,0,0,0.0,0.0,,,,2026-08-14T03:50:31.253062
222,e4-c-bca2272d,user_1fb55a,workflow.run.suspended,0a046c4e-3c57-4b5c-9a41-c085a0829018,,kb-a:kb:read:true,,0,0,0.0,0.0,,,,2026-08-14T03:50:31.242579
221,e4-c-bca2272d,user_1fb55a,workflow.run.start,0a046c4e-3c57-4b5c-9a41-c085a0829018,,workflow_id=bf0405c3-2e23-49cc-ab55-eb95e361b6e3,,0,0,0.0,0.0,,,,2026-08-14T03:50:31.194117
220,e4-r-3d52c457,user_c89e69,workflow.run.succeeded,28f2d816-e16d-4e19-9ab8-120aedddd3d5,,,,0,0,0.0,0.0,,,,2026-08-14T03:50:31.142185
219,e4-r-3d52c457,user_c89e69,workflow.node.succeeded,28f2d816-e16d-4e19-9ab8-120aedddd3d5,,evidence_count=0,,0,0,0.0,0.0,,,,2026-08-14T03:50:31.126691
218,e4-r-3d52c457,user_c89e69,workflow.hang.escalate_no_dept_manager,28f2d816-e16d-4e19-9ab8-120aedddd3d5,,escalate_no_dept_manager,,0,0,0.0,0.0,,,,2026-08-14T03:50:31.047680
217,e4-r-3d52c457,user_c89e69,workflow.run.suspended,28f2d816-e16d-4e19-9ab8-120aedddd3d5,,kb-tool:kb:read:true,,0,0,0.0,0.0,,,,2026-08-14T03:50:31.032647
216,e4-r-3d52c457,user_c89e69,workflow.run.start,28f2d816-e16d-4e19-9ab8-120aedddd3d5,,workflow_id=c287a7e8-d145-46e4-9cc6-74f9b1547d12,,0,0,0.0,0.0,,,,2026-08-14T03:50:30.933238
215,e2-txn-a2acc658,user_01e1e5,workflow.hang.escalate_no_dept_manager,a6a4c2c0-b92a-450a-a94f-d628d1ef3b16,,escalate_no_dept_manager,,0,0,0.0,0.0,,,,2026-08-14T03:48:32.022385
214,e2-txn-a2acc658,user_01e1e5,workflow.run.suspended,a6a4c2c0-b92a-450a-a94f-d628d1ef3b16,,tool-x:kb:write:true,,0,0,0.0,0.0,,,,2026-08-14T03:48:32.009811
213,e2-txn-a2acc658,user_01e1e5,workflow.run.start,a6a4c2c0-b92a-450a-a94f-d628d1ef3b16,,workflow_id=b8a8b1cb-b115-4e26-b2e0-66793cb74086,,0,0,0.0,0.0,,,,2026-08-14T03:48:31.948291
212,e2-ag-1bac5644,mgr_997251,workflow.run.succeeded,3007c76b-a4c2-4e61-847d-aaea97f97b56,,,,0,0,0.0,0.0,,,,2026-08-14T03:48:31.900513
211,e2-ag-1bac5644,mgr_997251,workflow.node.succeeded,3007c76b-a4c2-4e61-847d-aaea97f97b56,,evidence_count=0,,0,0,0.0,0.0,,,,2026-08-14T03:48:31.886081
210,e2-ag-1bac5644,mgr_997251,workflow.auto_grant,3007c76b-a4c2-4e61-847d-aaea97f97b56,,kb-tool:kb:read:self_approve,,0,0,0.0,0.0,,,,2026-08-14T03:48:31.864992
209,e2-ag-1bac5644,mgr_997251,workflow.run.start,3007c76b-a4c2-4e61-847d-aaea97f97b56,,workflow_id=a254bbf7-fd1d-4dcb-9476-84d1b6186a07,,0,0,0.0,0.0,,,,2026-08-14T03:48:31.807194
208,e2-sus-adf8d545,user_375cfb,workflow.hang.escalate_no_dept_manager,1dec1290-a264-42d3-9edf-dca42cc5035a,,escalate_no_dept_manager,,0,0,0.0,0.0,,,,2026-08-14T03:48:31.683023
207,e2-sus-adf8d545,user_375cfb,workflow.run.suspended,1dec1290-a264-42d3-9edf-dca42cc5035a,,kb-tool:kb:read:true,,0,0,0.0,0.0,,,,2026-08-14T03:48:31.662428
206,e2-sus-adf8d545,user_375cfb,workflow.run.start,1dec1290-a264-42d3-9edf-dca42cc5035a,,workflow_id=f8076e43-5dd1-4188-969f-50888569f2aa,,0,0,0.0,0.0,,,,2026-08-14T03:48:31.598849
205,e2-fail-7b5b9084,user_3791cb,workflow.run.failed,81c7ede2-c342-4ca0-9c20-135a20f765a0,,"{'code': <ErrorCode.AUTH_INSUFFICIENT_PERMISSIONS: 'AUTH_002'>, 'message': 'permission_denied', 'needed_perm': 'kb:read', 'capability_id': 'kb-tool', 'gate': 'S2_NOT_REQUESTABLE'}",,0,0,0.0,0.0,AUTH_002,,,2026-08-14T03:48:31.530240
204,e2-fail-7b5b9084,user_3791cb,workflow.node.auth_fail,81c7ede2-c342-4ca0-9c20-135a20f765a0,,kb-tool:kb:read:S2_NOT_REQUESTABLE,,0,0,0.0,0.0,AUTH_002,,,2026-08-14T03:48:31.514402
203,e2-fail-7b5b9084,user_3791cb,workflow.run.start,81c7ede2-c342-4ca0-9c20-135a20f765a0,,workflow_id=b2c473c6-c5f3-4014-bef2-93f14cbfdeab,,0,0,0.0,0.0,,,,2026-08-14T03:48:31.468867
202,e3-s-74fb4ade,u1,workflow.hang.escalate_timeout,d8db8bd3-227f-4a55-bdbf-103b69049993,,escalate_timeout,,0,0,0.0,0.0,,,,2026-08-14T03:48:31.414890
201,e3-t-b73ed38b,u1,workflow.hang.escalate_timeout,1545e031-471b-41bb-8c1a-056838db05e0,,escalate_timeout,,0,0,0.0,0.0,,,,2026-08-14T03:48:31.366995
200,e3-n-5d12521c,u1,workflow.hang.escalate_no_dept_manager,2fad0acd-8066-4783-aded-167565b703b9,,escalate_no_dept_manager,,0,0,0.0,0.0,,,,2026-08-14T03:48:31.302052
199,run-auth-7240efa4,user_bb847f,workflow.run.failed,1a2b6a58-c2c9-442a-880a-a8f3c3768cd1,,"{'code': <ErrorCode.AUTH_INSUFFICIENT_PERMISSIONS: 'AUTH_002'>, 'message': 'permission_denied', 'needed_perm': 'admin:*', 'capability_id': 'admin-tool', 'gate': 'S2_NOT_REQUESTABLE'}",,0,0,0.0,0.0,AUTH_002,,,2026-08-14T03:47:06.270945
198,run-auth-7240efa4,user_bb847f,workflow.node.auth_fail,1a2b6a58-c2c9-442a-880a-a8f3c3768cd1,,admin-tool:admin:*:S2_NOT_REQUESTABLE,,0,0,0.0,0.0,AUTH_002,,,2026-08-14T03:47:06.254065
197,run-auth-7240efa4,user_bb847f,workflow.run.start,1a2b6a58-c2c9-442a-880a-a8f3c3768cd1,,workflow_id=d3b8ea4c-c598-411a-b9d4-e71f3a95355b,,0,0,0.0,0.0,,,,2026-08-14T03:47:06.219118
196,e2-txn-3c401f14,user_9b337d,workflow.run.suspended,26066b5e-4b9f-4757-a070-303784e915a9,,tool-x:kb:write:true,,0,0,0.0,0.0,,,,2026-08-14T03:47:06.165601
195,e2-txn-3c401f14,user_9b337d,workflow.run.start,26066b5e-4b9f-4757-a070-303784e915a9,,workflow_id=758d10a8-5320-4468-95b6-642fc3a57547,,0,0,0.0,0.0,,,,2026-08-14T03:47:06.132157
194,e2-ag-afcb6d19,mgr_492d97,workflow.run.succeeded,cabd1c05-3f70-4479-ae5e-8422468b41d8,,,,0,0,0.0,0.0,,,,2026-08-14T03:47:06.099723
193,e2-ag-afcb6d19,mgr_492d97,workflow.node.succeeded,cabd1c05-3f70-4479-ae5e-8422468b41d8,,evidence_count=0,,0,0,0.0,0.0,,,,2026-08-14T03:47:06.090955
192,e2-ag-afcb6d19,mgr_492d97,workflow.auto_grant,cabd1c05-3f70-4479-ae5e-8422468b41d8,,kb-tool:kb:read:self_approve,,0,0,0.0,0.0,,,,2026-08-14T03:47:06.080162
191,e2-ag-afcb6d19,mgr_492d97,workflow.run.start,cabd1c05-3f70-4479-ae5e-8422468b41d8,,workflow_id=c81e36d6-e421-4aa2-b674-1b1bd15b9944,,0,0,0.0,0.0,,,,2026-08-14T03:47:06.049940
190,e2-sus-001761d7,user_fb6a2a,workflow.run.suspended,e2b78672-5914-4aaf-a2de-395c8ecdf017,,kb-tool:kb:read:true,,0,0,0.0,0.0,,,,2026-08-14T03:47:06.020245
189,e2-sus-001761d7,user_fb6a2a,workflow.run.start,e2b78672-5914-4aaf-a2de-395c8ecdf017,,workflow_id=3aa2e9d6-a1e7-4583-acd9-b51cd51c7b17,,0,0,0.0,0.0,,,,2026-08-14T03:47:05.978843
188,e2-fail-d108e5d6,user_351dab,workflow.run.failed,25cc49c5-245b-4f14-a86f-70161e0a0021,,"{'code': <ErrorCode.AUTH_INSUFFICIENT_PERMISSIONS: 'AUTH_002'>, 'message': 'permission_denied', 'needed_perm': 'kb:read', 'capability_id': 'kb-tool', 'gate': 'S2_NOT_REQUESTABLE'}",,0,0,0.0,0.0,AUTH_002,,,2026-08-14T03:47:05.936145
187,e2-fail-d108e5d6,user_351dab,workflow.node.auth_fail,25cc49c5-245b-4f14-a86f-70161e0a0021,,kb-tool:kb:read:S2_NOT_REQUESTABLE,,0,0,0.0,0.0,AUTH_002,,,2026-08-14T03:47:05.920731
186,e2-fail-d108e5d6,user_351dab,workflow.run.start,25cc49c5-245b-4f14-a86f-70161e0a0021,,workflow_id=740863f1-d434-426e-9434-181020dc6500,,0,0,0.0,0.0,,,,2026-08-14T03:47:05.820315
185,run-api-ec4ebd3d,admin1,workflow.run.start,e3c97871-2599-4d64-8fb9-dc82a9653a3b,,workflow_id=2840f8ed-115b-4c3a-b157-b4a6c84bfd09,,0,0,0.0,0.0,,,,2026-08-13T07:51:23.389281
184,run-auth-65a352c4,user_51d849,workflow.run.failed,cc5804e9-ba7c-4dc7-88b2-ae57cd96d033,,"{'code': <ErrorCode.AUTH_INSUFFICIENT_PERMISSIONS: 'AUTH_002'>, 'message': 'permission_denied', 'needed_perm': 'admin:*', 'capability_id': 'admin-tool'}",,0,0,0.0,0.0,AUTH_002,,,2026-08-13T07:51:23.162884
183,run-auth-65a352c4,user_51d849,workflow.node.auth_fail,cc5804e9-ba7c-4dc7-88b2-ae57cd96d033,,admin-tool:admin:*,,0,0,0.0,0.0,AUTH_002,,,2026-08-13T07:51:23.153147
182,run-auth-65a352c4,user_51d849,workflow.run.start,cc5804e9-ba7c-4dc7-88b2-ae57cd96d033,,workflow_id=a8ae91fe-540f-4dbc-b9a8-b21a8856bfd9,,0,0,0.0,0.0,,,,2026-08-13T07:51:23.135082
181,run-ex-2eda1186,admin_028e5f,workflow.run.succeeded,517ef35e-cfe2-4849-9624-4d3766d202ee,,,,0,0,0.0,0.0,,,,2026-08-13T07:51:23.084957
180,run-ex-2eda1186,admin_028e5f,workflow.node.succeeded,517ef35e-cfe2-4849-9624-4d3766d202ee,,evidence_count=1,,0,0,0.0,0.0,,,,2026-08-13T07:51:23.078016
179,run-ex-2eda1186,admin_028e5f,workflow.run.start,517ef35e-cfe2-4849-9624-4d3766d202ee,,workflow_id=2322c741-00e4-46a9-baea-8295bbe89095,,0,0,0.0,0.0,,,,2026-08-13T07:51:23.040236
178,default,anonymous,rag.ask,01cdf647-3042-4116-8346-5af634e2b266,cache_hit=1|什么是 nexusai?,[mock:deepseek-v4-flash] 已收到：的智能助手。你正在使用企业知识库来回答用户的问题。  参考知识： （无检索结果）  用户问题：什么是 NexusAI？  请基于上述知识，用专业、准确的语气回答用户。注意： 1. 优先使用知识库中的内容作为依据 2. 用通俗易懂的语言解释专业概念 3. 提供具体可操作的信息 4. 知识库中没有依据时明确说明，不编造 5. 回答简洁并标注来源（如有）  回答：,,0,0,0.0,2.3272919934242964,,,,2026-08-13T07:51:22.469594
177,t,system,llm_key_failover,failover-10-11,provider=default from=10 to=11 reason=401,,,0,0,0.0,0.0,401,,,2026-08-13T07:51:22.413654
176,acme,alice,auth.login,,alice,,,0,0,0.0,0.0,,,,2026-08-13T07:51:19.782217
175,acme,bob,auth.register,,bob,,,0,0,0.0,0.0,,,,2026-08-13T07:51:15.531580
174,acme,alice,auth.register,,alice,,,0,0,0.0,0.0,,,,2026-08-13T07:51:15.165950
173,run-api-0edb03f9,admin1,workflow.run.start,e50d6fcf-1afd-4f97-ace5-31dcbfc85cd5,,workflow_id=a991ffb0-bed9-475a-bbe7-100b2d7841a5,,0,0,0.0,0.0,,,,2026-08-13T07:48:15.468694
172,run-auth-cc5d6fe8,user_bb8e71,workflow.run.failed,97dd5f3c-f9a2-4aa4-a18f-7754543e3765,,"{'code': <ErrorCode.AUTH_INSUFFICIENT_PERMISSIONS: 'AUTH_002'>, 'message': 'permission_denied', 'needed_perm': 'admin:*', 'capability_id': 'admin-tool'}",,0,0,0.0,0.0,AUTH_002,,,2026-08-13T07:48:15.153070
171,run-auth-cc5d6fe8,user_bb8e71,workflow.node.auth_fail,97dd5f3c-f9a2-4aa4-a18f-7754543e3765,,admin-tool:admin:*,,0,0,0.0,0.0,AUTH_002,,,2026-08-13T07:48:15.143265
170,run-auth-cc5d6fe8,user_bb8e71,workflow.run.start,97dd5f3c-f9a2-4aa4-a18f-7754543e3765,,workflow_id=baae124b-2407-42df-8e6e-f376105706d9,,0,0,0.0,0.0,,,,2026-08-13T07:48:15.123782
169,run-ex-ea945e43,admin_734099,workflow.run.succeeded,d4d46785-2dad-42f8-85c2-b51d1ee0d082,,,,0,0,0.0,0.0,,,,2026-08-13T07:48:15.065535
168,run-ex-ea945e43,admin_734099,workflow.node.succeeded,d4d46785-2dad-42f8-85c2-b51d1ee0d082,,evidence_count=1,,0,0,0.0,0.0,,,,2026-08-13T07:48:15.057685
167,run-ex-ea945e43,admin_734099,workflow.run.start,d4d46785-2dad-42f8-85c2-b51d1ee0d082,,workflow_id=3c1a654e-43d9-4c6b-baf2-e715ad6ee5a7,,0,0,0.0,0.0,,,,2026-08-13T07:48:15.010639
166,default,anonymous,rag.ask,eab4d610-cc7d-4f9a-a600-570525852099,cache_hit=0|什么是 nexusai?,[mock:deepseek-v4-flash] 已收到：的智能助手。你正在使用企业知识库来回答用户的问题。  参考知识： （无检索结果）  用户问题：什么是 NexusAI？  请基于上述知识，用专业、准确的语气回答用户。注意： 1. 优先使用知识库中的内容作为依据 2. 用通俗易懂的语言解释专业概念 3. 提供具体可操作的信息 4. 知识库中没有依据时明确说明，不编造 5. 回答简洁并标注来源（如有）  回答：,,0,0,8.5e-06,8.074721088632941,,,,2026-08-13T07:48:14.413148
165,t,system,llm_key_failover,failover-10-11,provider=default from=10 to=11 reason=401,,,0,0,0.0,0.0,401,,,2026-08-13T07:48:14.328787
164,acme,alice,auth.login,,alice,,,0,0,0.0,0.0,,,,2026-08-13T07:48:11.385695
163,acme,bob,auth.register,,bob,,,0,0,0.0,0.0,,,,2026-08-13T07:48:06.803461
162,acme,alice,auth.register,,alice,,,0,0,0.0,0.0,,,,2026-08-13T07:48:06.403317
161,run-api-0e2174c1,admin1,workflow.run.start,66c53a2c-680f-412a-aa28-0fca40e081f6,,workflow_id=f73452be-21bd-4d63-a3ad-2ac64c18715e,,0,0,0.0,0.0,,,,2026-08-13T02:20:32.082283
160,run-auth-0c561d34,user_5205f5,workflow.run.failed,b54f6c63-ff11-4084-94bd-b3132ff8b537,,"{'code': <ErrorCode.AUTH_INSUFFICIENT_PERMISSIONS: 'AUTH_002'>, 'message': 'permission_denied', 'needed_perm': 'admin:*', 'capability_id': 'admin-tool'}",,0,0,0.0,0.0,AUTH_002,,,2026-08-13T02:20:31.882385
159,run-auth-0c561d34,user_5205f5,workflow.node.auth_fail,b54f6c63-ff11-4084-94bd-b3132ff8b537,,admin-tool:admin:*,,0,0,0.0,0.0,AUTH_002,,,2026-08-13T02:20:31.874666
158,run-auth-0c561d34,user_5205f5,workflow.run.start,b54f6c63-ff11-4084-94bd-b3132ff8b537,,workflow_id=8eed35fa-acc6-40f6-8117-4024df783081,,0,0,0.0,0.0,,,,2026-08-13T02:20:31.858519
157,run-ex-fa9a7c0d,admin_f79eaa,workflow.run.succeeded,fbe41a65-313f-4663-8083-be2eac123237,,,,0,0,0.0,0.0,,,,2026-08-13T02:20:31.812632
156,run-ex-fa9a7c0d,admin_f79eaa,workflow.node.succeeded,fbe41a65-313f-4663-8083-be2eac123237,,evidence_count=1,,0,0,0.0,0.0,,,,2026-08-13T02:20:31.804427
155,run-ex-fa9a7c0d,admin_f79eaa,workflow.run.start,fbe41a65-313f-4663-8083-be2eac123237,,workflow_id=76646381-ca02-49ed-b9f8-7624782f2c4d,,0,0,0.0,0.0,,,,2026-08-13T02:20:31.769339
154,default,anonymous,rag.ask,a7e01a91-b404-4093-9ae1-c09b1dce8a3b,cache_hit=1|什么是 nexusai?,[mock:deepseek-v4-flash] 已收到：的智能助手。你正在使用企业知识库来回答用户的问题。  参考知识： （无检索结果）  用户问题：什么是 NexusAI？  请基于上述知识，用专业、准确的语气回答用户。注意： 1. 优先使用知识库中的内容作为依据 2. 用通俗易懂的语言解释专业概念 3. 提供具体可操作的信息 4. 知识库中没有依据时明确说明，不编造 5. 回答简洁并标注来源（如有）  回答：,,0,0,0.0,3.0214309226721525,,,,2026-08-13T02:20:31.232745
153,t,system,llm_key_failover,failover-10-11,provider=default from=10 to=11 reason=401,,,0,0,0.0,0.0,401,,,2026-08-13T02:20:31.182647
152,acme,alice,auth.login,,alice,,,0,0,0.0,0.0,,,,2026-08-13T02:20:28.628166
151,acme,bob,auth.register,,bob,,,0,0,0.0,0.0,,,,2026-08-13T02:20:24.809807
150,acme,alice,auth.register,,alice,,,0,0,0.0,0.0,,,,2026-08-13T02:20:24.498847
149,run-api-a57452a2,admin1,workflow.run.start,1bb6c3d8-de5b-43bd-bbbc-053ca5843a9e,,workflow_id=dadfb4b7-a798-44b2-a7bb-e16ce63cc3b1,,0,0,0.0,0.0,,,,2026-08-13T02:19:51.811718
148,run-auth-adf5e867,user_aa4cbd,workflow.run.failed,a4d21961-dc50-4452-870b-b27e088ccd55,,"{'code': <ErrorCode.AUTH_INSUFFICIENT_PERMISSIONS: 'AUTH_002'>, 'message': 'permission_denied', 'needed_perm': 'admin:*', 'capability_id': 'admin-tool'}",,0,0,0.0,0.0,AUTH_002,,,2026-08-13T02:19:51.537042
147,run-auth-adf5e867,user_aa4cbd,workflow.node.auth_fail,a4d21961-dc50-4452-870b-b27e088ccd55,,admin-tool:admin:*,,0,0,0.0,0.0,AUTH_002,,,2026-08-13T02:19:51.525711
146,run-auth-adf5e867,user_aa4cbd,workflow.run.start,a4d21961-dc50-4452-870b-b27e088ccd55,,workflow_id=5c3eb096-060f-4328-935d-b0ff3dc312e9,,0,0,0.0,0.0,,,,2026-08-13T02:19:51.502186
145,run-ex-5736d77e,admin_3bb2be,workflow.run.succeeded,a1cc655b-0c58-4fb7-8945-f46142132626,,,,0,0,0.0,0.0,,,,2026-08-13T02:19:51.426143
144,run-ex-5736d77e,admin_3bb2be,workflow.node.succeeded,a1cc655b-0c58-4fb7-8945-f46142132626,,evidence_count=1,,0,0,0.0,0.0,,,,2026-08-13T02:19:51.418479
143,run-ex-5736d77e,admin_3bb2be,workflow.run.start,a1cc655b-0c58-4fb7-8945-f46142132626,,workflow_id=4bb5a300-34f2-487c-ab5e-fbbbe08d28f6,,0,0,0.0,0.0,,,,2026-08-13T02:19:51.368590
142,default,anonymous,rag.ask,ffbcfbdb-8766-4627-9a63-4f65d27e08e8,cache_hit=0|什么是 nexusai?,[mock:deepseek-v4-flash] 已收到：的智能助手。你正在使用企业知识库来回答用户的问题。  参考知识： （无检索结果）  用户问题：什么是 NexusAI？  请基于上述知识，用专业、准确的语气回答用户。注意： 1. 优先使用知识库中的内容作为依据 2. 用通俗易懂的语言解释专业概念 3. 提供具体可操作的信息 4. 知识库中没有依据时明确说明，不编造 5. 回答简洁并标注来源（如有）  回答：,,0,0,8.5e-06,11.701602954417467,,,,2026-08-13T02:19:50.731069
141,t,system,llm_key_failover,failover-10-11,provider=default from=10 to=11 reason=401,,,0,0,0.0,0.0,401,,,2026-08-13T02:19:50.643431
140,acme,alice,auth.login,,alice,,,0,0,0.0,0.0,,,,2026-08-13T02:19:47.697149
139,acme,bob,auth.register,,bob,,,0,0,0.0,0.0,,,,2026-08-13T02:19:43.319167
138,acme,alice,auth.register,,alice,,,0,0,0.0,0.0,,,,2026-08-13T02:19:42.912614
137,run-api-4098f472,admin1,workflow.run.start,6d8ce708-6540-40a8-8db5-e860f9d7403c,,workflow_id=218f0ce4-1173-4587-b7f2-9e7646b80c91,,0,0,0.0,0.0,,,,2026-08-13T02:18:28.925345
136,run-auth-1d4723ee,user_c19e20,workflow.run.failed,5c03b284-1b42-4b53-84f4-746147540c97,,"{'code': <ErrorCode.AUTH_INSUFFICIENT_PERMISSIONS: 'AUTH_002'>, 'message': 'permission_denied', 'needed_perm': 'admin:*', 'capability_id': 'admin-tool'}",,0,0,0.0,0.0,AUTH_002,,,2026-08-13T02:18:28.886343
135,run-auth-1d4723ee,user_c19e20,workflow.node.auth_fail,5c03b284-1b42-4b53-84f4-746147540c97,,admin-tool:admin:*,,0,0,0.0,0.0,AUTH_002,,,2026-08-13T02:18:28.875669
134,run-auth-1d4723ee,user_c19e20,workflow.run.start,5c03b284-1b42-4b53-84f4-746147540c97,,workflow_id=7aaa8640-c533-4f69-ab7d-2f95a50ec43a,,0,0,0.0,0.0,,,,2026-08-13T02:18:28.855303
133,run-ex-a271b8e3,admin_a5be68,workflow.run.succeeded,87a26a06-48f2-45de-a17e-a309ecb2239b,,,,0,0,0.0,0.0,,,,2026-08-13T02:18:28.793471
132,run-ex-a271b8e3,admin_a5be68,workflow.node.succeeded,87a26a06-48f2-45de-a17e-a309ecb2239b,,evidence_count=1,,0,0,0.0,0.0,,,,2026-08-13T02:18:28.778416
131,run-ex-a271b8e3,admin_a5be68,workflow.run.start,87a26a06-48f2-45de-a17e-a309ecb2239b,,workflow_id=03bb66f0-f227-4a8a-af48-ddeacd207616,,0,0,0.0,0.0,,,,2026-08-13T02:18:28.703066
130,run-api-c394f8f1,admin1,workflow.run.start,45881e8b-d244-4f00-bb3a-46ac0470597b,,workflow_id=0df82327-9581-41b3-a25f-bb62b163b052,,0,0,0.0,0.0,,,,2026-08-12T14:35:43.535247
129,run-auth-0c2926a2,user_dd2e07,workflow.run.failed,bff46111-2e2c-41bd-b813-28b6fd6dc953,,"{'code': 'AUTH_002', 'message': 'permission_denied', 'needed_perm': 'admin:*', 'capability_id': 'admin-tool'}",,0,0,0.0,0.0,AUTH_002,,,2026-08-12T14:35:43.494182
128,run-auth-0c2926a2,user_dd2e07,workflow.node.auth_fail,bff46111-2e2c-41bd-b813-28b6fd6dc953,,admin-tool:admin:*,,0,0,0.0,0.0,AUTH_002,,,2026-08-12T14:35:43.483631
127,run-auth-0c2926a2,user_dd2e07,workflow.run.start,bff46111-2e2c-41bd-b813-28b6fd6dc953,,workflow_id=fbbf765f-8bfd-4567-bd31-8b13af692695,,0,0,0.0,0.0,,,,2026-08-12T14:35:43.463174
126,run-ex-699796cd,admin_29f914,workflow.run.succeeded,046c242b-7e9b-474d-8998-58e536897f42,,,,0,0,0.0,0.0,,,,2026-08-12T14:35:43.399108
125,run-ex-699796cd,admin_29f914,workflow.node.succeeded,046c242b-7e9b-474d-8998-58e536897f42,,evidence_count=1,,0,0,0.0,0.0,,,,2026-08-12T14:35:43.391325
124,run-ex-699796cd,admin_29f914,workflow.run.start,046c242b-7e9b-474d-8998-58e536897f42,,workflow_id=366fd3f9-6b14-4fd6-a15f-ac1aa87fc964,,0,0,0.0,0.0,,,,2026-08-12T14:35:43.333127
123,run-api-4a8337f8,admin1,workflow.run.start,211556f4-7e07-4007-a2b6-c4f01a7af1bd,,workflow_id=157b2ae1-8ab0-41a4-9062-ae6408108820,,0,0,0.0,0.0,,,,2026-08-12T14:32:21.680473
122,run-auth-1b1e3f07,user_96dac0,workflow.run.failed,ab9ce864-51b7-4d4b-b622-b609cf090cf2,,"{'code': 'AUTH_002', 'message': 'permission_denied', 'needed_perm': 'admin:*', 'capability_id': 'admin-tool'}",,0,0,0.0,0.0,AUTH_002,,,2026-08-12T14:32:21.659582
121,run-auth-1b1e3f07,user_96dac0,workflow.node.auth_fail,ab9ce864-51b7-4d4b-b622-b609cf090cf2,,admin-tool:admin:*,,0,0,0.0,0.0,AUTH_002,,,2026-08-12T14:32:21.650124
120,run-auth-1b1e3f07,user_96dac0,workflow.run.start,ab9ce864-51b7-4d4b-b622-b609cf090cf2,,workflow_id=9906d946-dda7-4798-a8ed-ec31c8a24c86,,0,0,0.0,0.0,,,,2026-08-12T14:32:21.633229
119,run-ex-7bed3cce,admin_fd5c3e,workflow.run.succeeded,cfee5225-8916-48d5-a8f8-51482c1adb86,,,,0,0,0.0,0.0,,,,2026-08-12T14:32:21.610985
118,run-ex-7bed3cce,admin_fd5c3e,workflow.node.succeeded,cfee5225-8916-48d5-a8f8-51482c1adb86,,evidence_count=1,,0,0,0.0,0.0,,,,2026-08-12T14:32:21.602985
117,run-ex-7bed3cce,admin_fd5c3e,workflow.run.start,cfee5225-8916-48d5-a8f8-51482c1adb86,,workflow_id=36595021-ed27-468f-be5a-0322d6a1cf9d,,0,0,0.0,0.0,,,,2026-08-12T14:32:21.567436
116,run-api-a6ebb52a,admin1,workflow.run.start,45d1aa99-3122-40fb-8044-02f47155a239,,workflow_id=4cfa2fb0-b7c8-4535-8a87-cc2a87303ab4,,0,0,0.0,0.0,,,,2026-08-12T14:27:23.776530
115,run-auth-1e236abb,user_85cbcd,workflow.run.failed,28caf630-32ca-4fb4-9ca0-170fe260d770,,"{'code': 'AUTH_002', 'message': 'permission_denied', 'needed_perm': 'admin:*', 'capability_id': 'admin-tool'}",,0,0,0.0,0.0,AUTH_002,,,2026-08-12T14:27:23.741634
114,run-auth-1e236abb,user_85cbcd,workflow.node.auth_fail,28caf630-32ca-4fb4-9ca0-170fe260d770,,admin-tool:admin:*,,0,0,0.0,0.0,AUTH_002,,,2026-08-12T14:27:23.732063
113,run-auth-1e236abb,user_85cbcd,workflow.run.start,28caf630-32ca-4fb4-9ca0-170fe260d770,,workflow_id=36a2adfa-857a-4737-8d9e-e86b882c3760,,0,0,0.0,0.0,,,,2026-08-12T14:27:23.716493
112,run-ex-b7bc5d3f,admin_d3d18a,workflow.run.succeeded,7ec4cdd5-6416-4a0f-90d9-c24e1c5acd94,,,,0,0,0.0,0.0,,,,2026-08-12T14:27:23.688683
111,run-ex-b7bc5d3f,admin_d3d18a,workflow.node.succeeded,7ec4cdd5-6416-4a0f-90d9-c24e1c5acd94,,evidence_count=1,,0,0,0.0,0.0,,,,2026-08-12T14:27:23.681730
110,run-ex-b7bc5d3f,admin_d3d18a,workflow.run.start,7ec4cdd5-6416-4a0f-90d9-c24e1c5acd94,,workflow_id=7dc56906-bb48-4ffd-bae1-3ebd1cc6c0a7,,0,0,0.0,0.0,,,,2026-08-12T14:27:23.642131
109,acme,smoke_d_admin_e35b8c1d,workflow.run.succeeded,fe31cb08-580d-4abd-9d65-0eae25a43139,,,,0,0,0.0,0.0,,,,2026-08-12T14:07:39.500788
108,acme,smoke_d_admin_e35b8c1d,workflow.node.succeeded,fe31cb08-580d-4abd-9d65-0eae25a43139,,evidence_count=1,,0,0,0.0,0.0,,,,2026-08-12T14:07:39.488867
107,acme,smoke_d_admin_e35b8c1d,rag.ask,2246d5e6-4fae-4aff-a8fe-161840876f1f,cache_hit=0|smoke_d_evidence_marker_e35b8c1d,[mock:deepseek-v4-flash] 已收到：户的问题。  参考知识： （无检索结果）  用户问题：SMOKE_D_EVIDENCE_MARKER_e35b8c1d  请基于上述知识，用专业、准确的语气回答用户。注意： 1. 优先使用知识库中的内容作为依据 2. 用通俗易懂的语言解释专业概念 3. 提供具体可操作的信息 4. 知识库中没有依据时明确说明，不编造 5. 回答简洁并标注来源（如有）  回答：,,0,0,1.6000000000000001e-06,415.72189796715975,,,,2026-08-12T14:07:39.470150
106,acme,smoke_d_admin_e35b8c1d,workflow.run.start,fe31cb08-580d-4abd-9d65-0eae25a43139,,workflow_id=c2eb2361-aba1-4fe4-833d-0e4a419133ad,,0,0,0.0,0.0,,,,2026-08-12T14:07:39.022004
105,acme,smoke_d_admin_e35b8c1d,auth.register,,smoke_d_admin_e35b8c1d,,,0,0,0.0,0.0,,,,2026-08-12T14:07:38.236519
104,run-ex-7c81f32d,admin_5bef93,workflow.run.succeeded,d8c321ff-c71f-46b9-9af5-d4c3cc2b95bb,,,,0,0,0.0,0.0,,,,2026-08-12T14:07:36.982566
103,run-ex-7c81f32d,admin_5bef93,workflow.node.succeeded,d8c321ff-c71f-46b9-9af5-d4c3cc2b95bb,,evidence_count=1,,0,0,0.0,0.0,,,,2026-08-12T14:07:36.973516
102,run-ex-7c81f32d,admin_5bef93,workflow.run.start,d8c321ff-c71f-46b9-9af5-d4c3cc2b95bb,,workflow_id=68bcce1d-0d58-45dd-8667-92553d9d27a3,,0,0,0.0,0.0,,,,2026-08-12T14:07:36.915185
101,run-api-02990342,admin1,workflow.run.start,987bc3b7-0c01-4e78-aa12-bd7c7c6b79d7,,workflow_id=fef9cc9e-bfe0-464b-8e47-bc49265012af,,0,0,0.0,0.0,,,,2026-08-12T13:29:26.506244
100,run-auth-bbe2381e,user_bce857,workflow.run.failed,33745297-866b-4262-ab6d-f35246b708b0,,"{'code': 'AUTH_002', 'message': 'permission_denied', 'needed_perm': 'admin:*', 'capability_id': 'admin-tool'}",,0,0,0.0,0.0,AUTH_002,,,2026-08-12T13:29:26.164239
99,run-auth-bbe2381e,user_bce857,workflow.node.auth_fail,33745297-866b-4262-ab6d-f35246b708b0,,admin-tool:admin:*,,0,0,0.0,0.0,AUTH_002,,,2026-08-12T13:29:26.155444
98,run-auth-bbe2381e,user_bce857,workflow.run.start,33745297-866b-4262-ab6d-f35246b708b0,,workflow_id=af11b1c1-eb57-4a6f-b558-abe645059c1a,,0,0,0.0,0.0,,,,2026-08-12T13:29:26.129316
97,run-ex-e9464e45,admin_c37fd1,workflow.run.succeeded,cc562184-2370-4642-90cc-3c4e78502598,,,,0,0,0.0,0.0,,,,2026-08-12T13:29:26.102092
96,run-ex-e9464e45,admin_c37fd1,workflow.node.succeeded,cc562184-2370-4642-90cc-3c4e78502598,,evidence_count=1,,0,0,0.0,0.0,,,,2026-08-12T13:29:26.094762
95,run-ex-e9464e45,admin_c37fd1,workflow.run.start,cc562184-2370-4642-90cc-3c4e78502598,,workflow_id=0fe4539e-f30b-4ea3-8229-f7ce4a0ece49,,0,0,0.0,0.0,,,,2026-08-12T13:29:26.055973
94,default,anonymous,rag.ask,e086a010-1637-43e9-9a0c-d62fffc7063e,cache_hit=1|什么是 nexusai?,[mock:deepseek-v4-flash] 已收到：的智能助手。你正在使用企业知识库来回答用户的问题。  参考知识： （无检索结果）  用户问题：什么是 NexusAI？  请基于上述知识，用专业、准确的语气回答用户。注意： 1. 优先使用知识库中的内容作为依据 2. 用通俗易懂的语言解释专业概念 3. 提供具体可操作的信息 4. 知识库中没有依据时明确说明，不编造 5. 回答简洁并标注来源（如有）  回答：,,0,0,0.0,4.120704019442201,,,,2026-08-12T13:29:25.468902
93,t,system,llm_key_failover,failover-10-11,provider=default from=10 to=11 reason=401,,,0,0,0.0,0.0,401,,,2026-08-12T13:29:25.407078
92,acme,alice,auth.login,,alice,,,0,0,0.0,0.0,,,,2026-08-12T13:29:22.463486
91,acme,bob,auth.register,,bob,,,0,0,0.0,0.0,,,,2026-08-12T13:29:17.391001
90,acme,alice,auth.register,,alice,,,0,0,0.0,0.0,,,,2026-08-12T13:29:16.731665
89,acme,smoke_d_admin_85b408d3,workflow.run.succeeded,3b470003-efe8-487e-878d-0084332ae8bb,,,,0,0,0.0,0.0,,,,2026-08-12T13:29:07.516559
88,acme,smoke_d_admin_85b408d3,workflow.node.succeeded,3b470003-efe8-487e-878d-0084332ae8bb,,evidence_count=1,,0,0,0.0,0.0,,,,2026-08-12T13:29:07.490417
87,acme,smoke_d_admin_85b408d3,rag.ask,2671a6a1-5a1e-43fd-a264-da9af8ceb5a3,cache_hit=0|smoke d evidence 85b408d3,[mock:deepseek-v4-flash] 已收到：知识库来回答用户的问题。  参考知识： （无检索结果）  用户问题：smoke d evidence 85b408d3  请基于上述知识，用专业、准确的语气回答用户。注意： 1. 优先使用知识库中的内容作为依据 2. 用通俗易懂的语言解释专业概念 3. 提供具体可操作的信息 4. 知识库中没有依据时明确说明，不编造 5. 回答简洁并标注来源（如有）  回答：,,0,0,1.4e-06,685.7848230283707,,,,2026-08-12T13:29:07.433306
86,acme,smoke_d_admin_85b408d3,workflow.run.start,3b470003-efe8-487e-878d-0084332ae8bb,,workflow_id=3bc0b483-14d5-4fbf-b092-c2e371ab69c6,,0,0,0.0,0.0,,,,2026-08-12T13:29:06.712755
85,acme,smoke_d_admin_85b408d3,auth.register,,smoke_d_admin_85b408d3,,,0,0,0.0,0.0,,,,2026-08-12T13:29:06.596186
84,run-api-5e4434c8,admin1,workflow.run.start,752555f0-78ab-45ac-a341-b1e62d5bfc8c,,workflow_id=79f44db0-41e1-49f2-9ee5-9781dd5109ca,,0,0,0.0,0.0,,,,2026-08-12T13:28:50.009460
83,run-auth-36a55173,user_dc040a,workflow.run.failed,0a72715b-4c4d-40dd-a5d8-706b2029fffa,,"{'code': 'AUTH_002', 'message': 'permission_denied', 'needed_perm': 'admin:*', 'capability_id': 'admin-tool'}",,0,0,0.0,0.0,AUTH_002,,,2026-08-12T13:28:49.981635
82,run-auth-36a55173,user_dc040a,workflow.node.auth_fail,0a72715b-4c4d-40dd-a5d8-706b2029fffa,,admin-tool:admin:*,,0,0,0.0,0.0,AUTH_002,,,2026-08-12T13:28:49.969009
81,run-auth-36a55173,user_dc040a,workflow.run.start,0a72715b-4c4d-40dd-a5d8-706b2029fffa,,workflow_id=d6eebba8-9cc1-490b-b054-1b5cc9bc3ff7,,0,0,0.0,0.0,,,,2026-08-12T13:28:49.949898
80,run-ex-a9f61857,admin_c79c59,workflow.run.succeeded,a3d5afed-4305-457d-b3c0-c8ef06cea772,,,,0,0,0.0,0.0,,,,2026-08-12T13:28:49.921257
79,run-ex-a9f61857,admin_c79c59,workflow.node.succeeded,a3d5afed-4305-457d-b3c0-c8ef06cea772,,evidence_count=1,,0,0,0.0,0.0,,,,2026-08-12T13:28:49.914193
78,run-ex-a9f61857,admin_c79c59,workflow.run.start,a3d5afed-4305-457d-b3c0-c8ef06cea772,,workflow_id=2cb4baa9-b69e-435d-8a88-736a23733e08,,0,0,0.0,0.0,,,,2026-08-12T13:28:49.875814
77,run-api-3ad6d05d,admin1,workflow.run.start,d2969bf4-0402-4e2a-b610-a242a48541aa,,workflow_id=05030b9a-7a65-4b19-9fff-489eb81dd89c,,0,0,0.0,0.0,,,,2026-08-12T13:27:53.213411
76,run-auth-356949ee,user_8fe3d5,workflow.run.failed,1296d266-f708-4b6a-b087-57714a0e4134,,"{'code': 'AUTH_002', 'message': 'permission_denied', 'needed_perm': 'admin:*', 'capability_id': 'admin-tool'}",,0,0,0.0,0.0,AUTH_002,,,2026-08-12T13:27:53.191182
75,run-auth-356949ee,user_8fe3d5,workflow.node.auth_fail,1296d266-f708-4b6a-b087-57714a0e4134,,admin-tool:admin:*,,0,0,0.0,0.0,AUTH_002,,,2026-08-12T13:27:53.183079
74,run-auth-356949ee,user_8fe3d5,workflow.run.start,1296d266-f708-4b6a-b087-57714a0e4134,,workflow_id=28e1cb54-e953-4b60-9f39-4a19adef57ab,,0,0,0.0,0.0,,,,2026-08-12T13:27:53.164988
73,run-ex-433b70a0,admin_1883e3,workflow.run.succeeded,bfb7d331-6c71-4d5b-8143-7518febac0da,,,,0,0,0.0,0.0,,,,2026-08-12T13:27:53.139667
72,run-ex-433b70a0,admin_1883e3,workflow.node.succeeded,bfb7d331-6c71-4d5b-8143-7518febac0da,,evidence_count=1,,0,0,0.0,0.0,,,,2026-08-12T13:27:53.133597
71,run-ex-433b70a0,admin_1883e3,workflow.run.start,bfb7d331-6c71-4d5b-8143-7518febac0da,,workflow_id=b64cfe97-48fb-46af-aab2-e1d9b9b81d2e,,0,0,0.0,0.0,,,,2026-08-12T13:27:53.099234
70,default,anonymous,rag.ask,8cfe7948-50b3-4209-b481-3c6f6d39981c,cache_hit=0|什么是 nexusai?,[mock:deepseek-v4-flash] 已收到：的智能助手。你正在使用企业知识库来回答用户的问题。  参考知识： （无检索结果）  用户问题：什么是 NexusAI？  请基于上述知识，用专业、准确的语气回答用户。注意： 1. 优先使用知识库中的内容作为依据 2. 用通俗易懂的语言解释专业概念 3. 提供具体可操作的信息 4. 知识库中没有依据时明确说明，不编造 5. 回答简洁并标注来源（如有）  回答：,,0,0,8.5e-06,12.21238891594112,,,,2026-08-12T13:23:49.951910
69,t,system,llm_key_failover,failover-10-11,provider=default from=10 to=11 reason=401,,,0,0,0.0,0.0,401,,,2026-08-12T13:23:49.881731
68,acme,alice,auth.login,,alice,,,0,0,0.0,0.0,,,,2026-08-12T13:23:46.219539
67,acme,bob,auth.register,,bob,,,0,0,0.0,0.0,,,,2026-08-12T13:23:42.406302
66,acme,alice,auth.register,,alice,,,0,0,0.0,0.0,,,,2026-08-12T13:23:42.098707
65,acme,smoke_c_admin_e0a45693,auth.register,,smoke_c_admin_e0a45693,,,0,0,0.0,0.0,,,,2026-08-12T13:23:33.271793
64,acme,smoke_c_admin_b12aee7d,auth.register,,smoke_c_admin_b12aee7d,,,0,0,0.0,0.0,,,,2026-08-12T13:23:20.860577
63,default,anonymous,rag.ask,76df2978-e7cf-4298-a493-c8fbaa4f5595,cache_hit=1|什么是 nexusai?,[mock:deepseek-v4-flash] 已收到：的智能助手。你正在使用企业知识库来回答用户的问题。  参考知识： （无检索结果）  用户问题：什么是 NexusAI？  请基于上述知识，用专业、准确的语气回答用户。注意： 1. 优先使用知识库中的内容作为依据 2. 用通俗易懂的语言解释专业概念 3. 提供具体可操作的信息 4. 知识库中没有依据时明确说明，不编造 5. 回答简洁并标注来源（如有）  回答：,,0,0,0.0,3.678723005577922,,,,2026-08-12T02:17:16.380861
62,t,system,llm_key_failover,failover-10-11,provider=default from=10 to=11 reason=401,,,0,0,0.0,0.0,401,,,2026-08-12T02:17:16.303806
61,acme,alice,auth.login,,alice,,,0,0,0.0,0.0,,,,2026-08-12T02:17:13.588689
60,acme,bob,auth.register,,bob,,,0,0,0.0,0.0,,,,2026-08-12T02:17:09.567794
59,acme,alice,auth.register,,alice,,,0,0,0.0,0.0,,,,2026-08-12T02:17:09.203085
58,default,anonymous,rag.ask,9294fe21-680c-4212-9aaf-62295a3f78a6,cache_hit=1|什么是 nexusai?,[mock:deepseek-v4-flash] 已收到：的智能助手。你正在使用企业知识库来回答用户的问题。  参考知识： （无检索结果）  用户问题：什么是 NexusAI？  请基于上述知识，用专业、准确的语气回答用户。注意： 1. 优先使用知识库中的内容作为依据 2. 用通俗易懂的语言解释专业概念 3. 提供具体可操作的信息 4. 知识库中没有依据时明确说明，不编造 5. 回答简洁并标注来源（如有）  回答：,,0,0,0.0,4.6087129740044475,,,,2026-08-12T02:07:43.815883
57,t,system,llm_key_failover,failover-10-11,provider=default from=10 to=11 reason=401,,,0,0,0.0,0.0,401,,,2026-08-12T02:07:43.743477
56,acme,alice,auth.login,,alice,,,0,0,0.0,0.0,,,,2026-08-12T02:07:40.809424
55,acme,bob,auth.register,,bob,,,0,0,0.0,0.0,,,,2026-08-12T02:07:35.748376
54,acme,alice,auth.register,,alice,,,0,0,0.0,0.0,,,,2026-08-12T02:07:35.342054
53,acme,smoke_b_lone_2c592b92,auth.register,,smoke_b_lone_2c592b92,,,0,0,0.0,0.0,,,,2026-08-12T02:07:23.879312
52,acme,smoke_b_hr_2c592b92,rag.ask,adfa7da9-12a8-4fc6-b4a4-81a5c57ade3b,cache_hit=0|finance secret doc,"很抱歉，我无法提供关于“finance secret doc”的相关信息。当前企业知识库中没有检索到与该主题匹配的内容，因此我无法确认其真实性、内容或背景。

如果您能提供更具体的问题描述（例如文档名称、所属部门、需要查询的具体数据），我将很乐意为您进一步查找。

来源：企业知识库（本次检索无结果）",,0,0,0.0,2153.699517948553,,,,2026-08-12T02:07:23.629860
51,acme,smoke_b_hr_2c592b92,auth.register,,smoke_b_hr_2c592b92,,,0,0,0.0,0.0,,,,2026-08-12T02:07:21.450956
50,acme,smoke_b_mgr_2c592b92,auth.register,,smoke_b_mgr_2c592b92,,,0,0,0.0,0.0,,,,2026-08-12T02:07:20.282631
49,acme,smoke_b_member_2c592b92,auth.register,,smoke_b_member_2c592b92,,,0,0,0.0,0.0,,,,2026-08-12T02:07:20.027542
48,acme,smoke_b_admin_2c592b92,auth.register,,smoke_b_admin_2c592b92,,,0,0,0.0,0.0,,,,2026-08-12T02:07:19.776847
47,default,anonymous,rag.ask,8d8e4dad-aa6d-4927-99d2-27840317176a,cache_hit=0|什么是 nexusai?,[mock:deepseek-v4-flash] 已收到：的智能助手。你正在使用企业知识库来回答用户的问题。  参考知识： （无检索结果）  用户问题：什么是 NexusAI？  请基于上述知识，用专业、准确的语气回答用户。注意： 1. 优先使用知识库中的内容作为依据 2. 用通俗易懂的语言解释专业概念 3. 提供具体可操作的信息 4. 知识库中没有依据时明确说明，不编造 5. 回答简洁并标注来源（如有）  回答：,,0,0,8.5e-06,11.631271918304265,,,,2026-08-12T01:48:49.156978
46,t,system,llm_key_failover,failover-10-11,provider=default from=10 to=11 reason=401,,,0,0,0.0,0.0,401,,,2026-08-12T01:48:49.078091
45,acme,alice,auth.login,,alice,,,0,0,0.0,0.0,,,,2026-08-12T01:48:46.423932
44,acme,bob,auth.register,,bob,,,0,0,0.0,0.0,,,,2026-08-12T01:48:42.659551
43,acme,alice,auth.register,,alice,,,0,0,0.0,0.0,,,,2026-08-12T01:48:42.064352
42,default,anonymous,rag.ask,a191fa58-ddf0-417e-9ca5-15e046acdc13,cache_hit=1|什么是 nexusai?,[mock:deepseek-v4-flash] 已收到：的智能助手。你正在使用企业知识库来回答用户的问题。  参考知识： （无检索结果）  用户问题：什么是 NexusAI？  请基于上述知识，用专业、准确的语气回答用户。注意： 1. 优先使用知识库中的内容作为依据 2. 用通俗易懂的语言解释专业概念 3. 提供具体可操作的信息 4. 知识库中没有依据时明确说明，不编造 5. 回答简洁并标注来源（如有）  回答：,,0,0,0.0,2.4965640623122454,,,,2026-08-11T09:30:39.874606
41,t,system,llm_key_failover,failover-10-11,provider=default from=10 to=11 reason=401,,,0,0,0.0,0.0,401,,,2026-08-11T09:30:39.821749
40,acme,alice,auth.login,,alice,,,0,0,0.0,0.0,,,,2026-08-11T09:30:37.250749
39,acme,bob,auth.register,,bob,,,0,0,0.0,0.0,,,,2026-08-11T09:30:33.548365
38,acme,alice,auth.register,,alice,,,0,0,0.0,0.0,,,,2026-08-11T09:30:33.247828
37,default,anonymous,rag.ask,ef73d41e-e9e4-4e15-a15b-c652b36b0220,cache_hit=1|什么是 nexusai?,[mock:deepseek-v4-flash] 已收到：的智能助手。你正在使用企业知识库来回答用户的问题。  参考知识： （无检索结果）  用户问题：什么是 NexusAI？  请基于上述知识，用专业、准确的语气回答用户。注意： 1. 优先使用知识库中的内容作为依据 2. 用通俗易懂的语言解释专业概念 3. 提供具体可操作的信息 4. 知识库中没有依据时明确说明，不编造 5. 回答简洁并标注来源（如有）  回答：,,0,0,0.0,3.32675501704216,,,,2026-08-11T09:30:08.254198
36,t,system,llm_key_failover,failover-10-11,provider=default from=10 to=11 reason=401,,,0,0,0.0,0.0,401,,,2026-08-11T09:30:08.205235
35,acme,alice,auth.login,,alice,,,0,0,0.0,0.0,,,,2026-08-11T09:30:05.664266
34,acme,bob,auth.register,,bob,,,0,0,0.0,0.0,,,,2026-08-11T09:30:01.919227
33,acme,alice,auth.register,,alice,,,0,0,0.0,0.0,,,,2026-08-11T09:30:01.620345
32,default,anonymous,rag.ask,bc40c80c-68f5-44e4-be62-a717dcb12482,cache_hit=1|什么是 nexusai?,[mock:deepseek-v4-flash] 已收到：的智能助手。你正在使用企业知识库来回答用户的问题。  参考知识： （无检索结果）  用户问题：什么是 NexusAI？  请基于上述知识，用专业、准确的语气回答用户。注意： 1. 优先使用知识库中的内容作为依据 2. 用通俗易懂的语言解释专业概念 3. 提供具体可操作的信息 4. 知识库中没有依据时明确说明，不编造 5. 回答简洁并标注来源（如有）  回答：,,0,0,0.0,3.160195075906813,,,,2026-08-11T09:28:42.840683
31,t,system,llm_key_failover,failover-10-11,provider=default from=10 to=11 reason=401,,,0,0,0.0,0.0,401,,,2026-08-11T09:28:42.791487
30,acme,alice,auth.login,,alice,,,0,0,0.0,0.0,,,,2026-08-11T09:28:40.233157
29,acme,bob,auth.register,,bob,,,0,0,0.0,0.0,,,,2026-08-11T09:28:36.492288
28,acme,alice,auth.register,,alice,,,0,0,0.0,0.0,,,,2026-08-11T09:28:36.191284
27,default,anonymous,rag.ask,5590f719-d3a6-4858-8550-3cf82f27dc54,cache_hit=0|什么是 nexusai?,[mock:deepseek-v4-flash] 已收到：的智能助手。你正在使用企业知识库来回答用户的问题。  参考知识： （无检索结果）  用户问题：什么是 NexusAI？  请基于上述知识，用专业、准确的语气回答用户。注意： 1. 优先使用知识库中的内容作为依据 2. 用通俗易懂的语言解释专业概念 3. 提供具体可操作的信息 4. 知识库中没有依据时明确说明，不编造 5. 回答简洁并标注来源（如有）  回答：,,0,0,8.5e-06,118.08227200526744,,,,2026-08-11T09:26:23.131345
26,t,system,llm_key_failover,failover-10-11,provider=default from=10 to=11 reason=401,,,0,0,0.0,0.0,401,,,2026-08-11T09:26:22.961764
25,acme,alice,auth.login,,alice,,,0,0,0.0,0.0,,,,2026-08-11T09:26:20.463532
24,acme,bob,auth.register,,bob,,,0,0,0.0,0.0,,,,2026-08-11T09:26:16.728651
23,acme,alice,auth.register,,alice,,,0,0,0.0,0.0,,,,2026-08-11T09:26:16.421435
22,acme,alice,auth.login,,alice,,,0,0,0.0,0.0,,,,2026-08-11T09:26:00.939175
21,acme,bob,auth.register,,bob,,,0,0,0.0,0.0,,,,2026-08-11T09:25:57.060383
20,acme,alice,auth.register,,alice,,,0,0,0.0,0.0,,,,2026-08-11T09:25:56.752615
19,acme,alice,auth.login,,alice,,,0,0,0.0,0.0,,,,2026-08-11T09:12:33.625865
18,acme,bob,auth.register,,bob,,,0,0,0.0,0.0,,,,2026-08-11T09:12:29.843789
17,acme,alice,auth.register,,alice,,,0,0,0.0,0.0,,,,2026-08-11T09:12:29.448315
16,acme,smoke_a_c5fa194caf,auth.login,,smoke_a_c5fa194caf,,,0,0,0.0,0.0,,,,2026-08-11T08:43:12.887597
15,acme,smoke_a_c5fa194caf,auth.register,,smoke_a_c5fa194caf,,,0,0,0.0,0.0,,,,2026-08-11T08:43:12.269700
14,acme,smoke_a_91fe3d2d0d,auth.login,,smoke_a_91fe3d2d0d,,,0,0,0.0,0.0,,,,2026-08-11T08:43:05.959567
13,acme,smoke_a_91fe3d2d0d,auth.register,,smoke_a_91fe3d2d0d,,,0,0,0.0,0.0,,,,2026-08-11T08:43:05.596401
12,acme,alice,auth.login,,alice,,,0,0,0.0,0.0,,,,2026-08-11T08:42:04.378209
11,acme,bob,auth.register,,bob,,,0,0,0.0,0.0,,,,2026-08-11T08:42:00.114805
10,acme,alice,auth.register,,alice,,,0,0,0.0,0.0,,,,2026-08-11T08:41:59.612946
9,acme,alice,auth.login,,alice,,,0,0,0.0,0.0,,,,2026-08-11T08:40:29.763943
8,acme,bob,auth.register,,bob,,,0,0,0.0,0.0,,,,2026-08-11T08:40:25.837077
7,acme,alice,auth.register,,alice,,,0,0,0.0,0.0,,,,2026-08-11T08:40:25.507562
6,acme,alice,auth.login,,alice,,,0,0,0.0,0.0,,,,2026-08-11T08:37:38.229122
5,acme,bob,auth.register,,bob,,,0,0,0.0,0.0,,,,2026-08-11T08:37:34.437955
4,acme,alice,auth.register,,alice,,,0,0,0.0,0.0,,,,2026-08-11T08:37:34.028043
3,acme,alice,auth.login,,alice,,,0,0,0.0,0.0,,,,2026-08-11T08:35:13.924373
2,acme,bob,auth.register,,bob,,,0,0,0.0,0.0,,,,2026-08-11T08:35:10.147234
1,acme,alice,auth.register,,alice,,,0,0,0.0,0.0,,,,2026-08-11T08:35:09.814386
